"","Application.ID","No.of.times.90.DPD.or.worse.in.last.6.months","No.of.times.60.DPD.or.worse.in.last.6.months","No.of.times.30.DPD.or.worse.in.last.6.months","No.of.times.90.DPD.or.worse.in.last.12.months","No.of.times.60.DPD.or.worse.in.last.12.months","No.of.times.30.DPD.or.worse.in.last.12.months","Avgas.CC.Utilization.in.last.12.months","No.of.trades.opened.in.last.6.months","No.of.trades.opened.in.last.12.months","No.of.PL.trades.opened.in.last.6.months","No.of.PL.trades.opened.in.last.12.months","No.of.Inquiries.in.last.6.months..excluding.home...auto.loans.","No.of.Inquiries.in.last.12.months..excluding.home...auto.loans.","Presence.of.open.home.loan","Outstanding.Balance","Total.No.of.Trades","Presence.of.open.auto.loan","Performance.Tag"
"68",559139774,0,0,0,0,0,1,NA,0,0,0,0,0,1,0,0,0,0,0
"76",354139458,0,0,0,0,0,1,NA,0,0,0,0,0,2,0,0,0,0,0
"79",456275546,0,0,0,0,0,1,NA,0,0,0,0,0,3,0,0,0,0,0
"150",507928401,0,0,0,0,1,2,NA,0,0,0,0,0,1,0,0,0,0,0
"172",814624395,0,0,0,0,1,1,NA,0,0,0,0,1,2,0,0,0,0,0
"215",125043285,0,0,0,0,1,1,NA,0,0,0,0,1,1,0,0,0,0,0
"235",970523127,0,0,0,0,0,0,NA,0,0,0,0,1,3,0,0,0,0,0
"245",427009271,0,0,0,0,0,0,NA,0,0,0,0,0,1,0,0,0,0,0
"353",982684122,0,0,0,0,0,0,NA,0,0,0,0,0,1,0,0,0,0,0
"483",720535507,0,0,0,0,0,0,NA,0,0,0,0,0,1,0,0,0,0,0
"491",877372074,0,0,0,0,0,0,NA,0,0,0,0,0,1,0,0,0,0,0
"608",421585403,0,0,0,0,0,0,NA,0,0,0,0,0,2,0,0,0,0,0
"611",750283450,0,0,0,0,0,0,NA,0,0,0,0,0,4,0,0,0,0,0
"631",672372685,0,0,0,0,0,0,NA,0,0,0,0,0,0,0,0,0,0,0
"712",339609659,0,0,0,0,0,0,NA,0,0,0,0,0,0,0,0,0,0,0
"785",329463946,0,0,0,0,1,1,NA,0,0,0,0,0,0,0,0,0,0,0
"789",386349910,0,0,0,0,1,1,NA,0,0,0,0,0,0,0,0,0,0,0
"806",153781730,0,0,0,0,1,1,NA,0,0,0,0,0,0,0,0,0,0,0
"817",244146104,0,0,0,0,1,1,NA,0,0,0,0,0,0,0,0,0,0,0
"906",114584206,0,0,0,0,1,1,NA,0,0,0,0,0,0,0,0,0,0,0
"933",795023370,0,0,0,0,1,1,NA,0,0,0,0,0,0,0,0,0,0,0
"935",442435855,0,0,0,0,0,0,NA,0,0,0,0,0,0,0,0,0,0,0
"981",204788799,0,0,0,0,0,0,NA,0,0,0,0,0,0,0,0,0,0,0
"1012",59401020,0,0,0,0,0,0,NA,0,0,0,0,0,0,0,0,0,0,0
"1024",590397889,0,0,0,0,0,0,NA,0,0,0,0,0,0,0,0,0,0,0
"1075",857621550,0,0,0,0,0,0,NA,0,0,0,0,0,0,0,0,0,0,0
"1078",278621104,0,0,0,0,0,0,NA,0,0,0,0,0,0,0,0,0,0,0
"1117",170835798,0,0,0,0,0,0,NA,0,0,0,0,0,0,0,0,0,0,0
"1164",156079864,0,0,0,0,0,0,NA,0,0,0,0,0,0,0,0,0,0,0
"1174",128920060,0,0,0,0,0,0,NA,0,0,0,0,0,0,0,0,0,0,0
"1228",907901670,0,0,0,0,0,0,NA,0,0,0,0,0,0,0,0,0,0,0
"1279",805216817,0,0,0,0,0,0,NA,0,0,0,0,0,0,0,0,0,0,0
"1301",835843100,0,0,0,0,0,0,NA,0,0,0,0,0,0,0,0,0,0,0
"1307",953428592,0,0,0,0,0,0,NA,0,0,0,0,0,0,0,0,0,0,0
"1328",950455584,0,0,0,0,0,0,NA,0,0,0,0,0,0,0,0,0,0,0
"1365",543567705,0,0,0,0,0,0,NA,0,0,0,0,0,0,0,0,0,0,0
"1389",100485896,0,0,0,0,0,0,NA,0,0,0,0,0,0,0,0,0,0,0
"1487",991570037,0,0,0,0,0,0,NA,0,0,0,0,0,0,0,0,0,0,0
"1506",158763513,0,0,0,0,0,0,NA,0,0,0,0,0,0,0,0,0,0,0
"1521",875862863,0,0,0,0,0,0,NA,0,0,0,0,0,1,0,0,0,0,0
"1550",835948640,0,0,0,0,0,0,NA,0,0,0,0,0,1,0,0,0,0,0
"1553",292154191,0,0,0,0,0,0,NA,0,0,0,0,0,1,0,0,0,0,0
"1607",448801169,0,0,0,0,0,0,NA,0,0,0,0,0,1,0,0,0,0,0
"1666",443571916,0,0,0,0,0,0,NA,0,0,0,0,0,1,0,0,0,0,0
"1675",252146618,0,0,0,0,0,0,NA,0,0,0,0,0,1,0,0,0,0,0
"1690",225381422,0,0,0,0,0,0,NA,0,0,0,0,0,1,0,0,0,0,0
"1691",713953306,0,0,0,0,0,0,NA,0,0,0,0,0,1,0,0,0,0,0
"1727",530412481,0,0,0,0,0,0,NA,0,0,0,0,0,1,0,0,0,0,0
"1773",477529189,0,0,0,0,0,0,NA,0,0,0,0,0,1,0,0,0,0,0
"1777",443138135,0,0,0,0,0,0,NA,0,0,0,0,0,1,0,0,0,0,0
"1919",160786578,0,0,0,0,0,0,NA,0,0,0,0,0,1,0,0,0,0,0
"1924",799169167,0,0,0,0,0,0,NA,0,0,0,0,0,1,0,0,0,0,0
"2014",751902922,0,0,0,0,0,0,NA,0,0,0,0,0,1,0,0,0,0,0
"2090",695987549,0,0,0,0,0,0,NA,0,0,0,0,0,1,0,0,0,0,0
"2108",354598623,0,0,0,0,0,0,NA,0,0,0,0,0,1,0,0,0,0,0
"2116",725879641,0,0,0,0,0,0,NA,0,0,0,0,0,1,0,0,0,0,0
"2301",64239366,0,0,0,0,0,0,NA,0,0,0,0,0,1,0,0,0,0,0
"2351",694627469,0,0,0,0,0,0,NA,0,0,0,0,0,1,0,0,0,0,0
"2367",821675910,0,0,0,0,0,0,NA,0,0,0,0,0,1,0,0,0,0,0
"2559",107502026,0,0,0,0,0,0,NA,0,0,0,0,0,0,0,0,0,0,0
"2654",589485331,0,0,0,0,0,0,NA,0,0,0,0,0,0,0,0,0,0,0
"2690",40118356,0,0,0,0,0,0,NA,0,0,0,0,0,0,0,0,0,0,0
"2763",168174199,0,0,0,0,0,0,NA,0,0,0,0,0,0,0,0,0,0,0
"2791",278276209,0,0,0,0,0,0,NA,0,0,0,0,0,0,0,0,0,0,0
"2812",273171224,0,0,0,0,0,0,NA,0,0,0,0,0,0,0,0,0,0,0
"2965",193882985,0,0,0,0,0,0,NA,0,0,0,0,0,0,0,0,0,0,0
"2975",975187794,0,0,0,0,0,0,NA,0,0,0,0,0,0,0,0,0,0,0
"2977",98866804,0,0,0,0,0,0,NA,0,0,0,0,0,0,0,0,0,0,0
"3005",432416334,0,0,0,0,0,0,NA,0,0,0,0,0,0,0,0,0,0,0
"3024",719723931,0,0,0,0,0,0,NA,0,0,0,0,0,0,0,0,0,0,0
"3025",620553490,0,0,0,0,0,0,NA,0,0,0,0,0,0,0,0,0,0,0
"3058",700389559,0,0,0,0,0,0,NA,0,0,0,0,0,0,0,0,0,0,0
"3073",169504265,0,0,0,0,0,0,NA,0,0,0,0,0,0,0,0,0,0,0
"3078",880972144,0,0,0,0,0,0,NA,0,0,0,0,0,0,0,0,0,0,0
"3090",58406533,0,0,0,0,0,0,NA,0,0,0,0,0,0,0,0,0,0,0
"3205",975579609,0,0,0,0,0,0,NA,0,0,0,0,0,0,0,0,0,0,0
"3290",527091002,0,0,0,0,0,0,NA,0,0,0,0,0,0,0,0,0,0,0
"3314",935550764,0,0,0,0,0,0,NA,0,0,0,0,0,0,0,0,0,0,0
"3347",156299437,0,0,0,0,0,0,NA,0,0,0,0,0,0,0,0,0,0,0
"3363",181910012,0,0,0,0,0,0,NA,0,0,0,0,0,0,0,0,0,0,0
"3413",842386791,0,0,0,0,0,0,NA,0,0,0,0,0,0,0,0,0,0,0
"3443",315964660,0,0,0,0,0,0,NA,0,0,0,0,0,0,0,0,0,0,0
"3472",378613162,0,0,0,0,0,0,NA,0,0,0,0,0,0,0,0,0,0,0
"3520",152270934,0,0,0,0,0,0,NA,0,0,0,0,0,0,0,0,0,0,0
"3523",638787878,0,0,0,0,0,0,NA,0,0,0,0,0,0,0,0,0,0,0
"3589",512354557,0,0,0,0,0,0,NA,0,0,0,0,0,0,0,0,0,0,0
"3638",671679432,0,0,0,0,0,0,NA,0,0,0,0,0,0,0,0,0,0,0
"3653",933809587,0,0,0,0,0,0,NA,0,0,0,0,0,0,0,0,0,0,0
"3661",416399344,0,0,0,0,0,0,NA,0,0,0,0,0,0,0,0,0,0,0
"3715",56026954,0,0,0,0,0,0,NA,0,0,0,0,0,0,0,0,0,0,0
"3783",276442989,0,0,0,0,0,0,NA,0,0,0,0,0,0,0,0,0,0,0
"3798",748767366,0,0,0,0,0,0,NA,0,0,0,0,0,0,0,0,0,0,0
"3843",340059748,0,0,0,0,0,0,NA,0,0,0,0,0,0,0,0,0,0,0
"3990",823867371,0,0,0,0,0,0,NA,0,0,0,0,0,0,0,0,0,0,0
"4012",554171186,0,0,0,0,0,0,NA,0,0,0,0,0,0,0,0,0,0,0
"4015",56834798,0,0,0,0,0,0,NA,0,0,0,0,0,0,0,0,0,0,0
"4083",134776096,0,0,0,0,0,0,NA,0,0,0,0,0,0,0,0,0,0,0
"4126",195183596,0,0,0,0,0,0,NA,0,0,0,0,0,0,0,0,0,0,0
"4131",542575413,0,0,0,0,0,0,NA,0,0,0,0,0,0,0,0,0,0,0
"4152",90868063,0,0,0,0,0,0,NA,0,0,0,0,0,0,0,0,0,0,0
"4246",82334457,0,0,0,0,0,0,NA,0,0,0,0,0,0,0,0,0,0,0
"4282",408172455,0,0,0,0,0,0,NA,0,0,0,0,0,0,0,0,0,0,0
"4304",99170053,0,0,0,0,0,0,NA,0,0,0,0,0,0,0,0,0,0,0
"4327",540568159,0,0,0,0,0,0,NA,0,0,0,0,0,0,0,0,0,0,0
"4399",304949668,0,0,0,0,0,0,NA,0,0,0,0,0,0,0,0,0,0,0
"4406",500763430,0,0,0,0,0,0,NA,0,0,0,0,0,0,0,0,0,0,0
"4484",782932297,0,0,0,0,0,0,NA,0,0,0,0,0,0,0,0,0,0,0
"4510",627169974,0,0,0,0,0,0,NA,0,0,0,0,0,0,0,0,0,0,0
"4547",307760037,0,0,0,0,0,0,NA,0,0,0,0,0,0,0,0,0,0,0
"4625",278797628,0,0,0,0,0,0,NA,0,0,0,0,0,0,0,0,0,0,0
"4855",472169239,0,0,0,0,0,0,NA,0,0,0,0,0,0,0,0,0,0,0
"4929",321964673,0,0,0,0,0,0,NA,0,0,0,0,0,0,0,0,0,0,0
"4931",471670773,0,0,0,0,0,0,NA,0,0,0,0,0,0,0,0,0,0,0
"4975",921298421,0,0,0,0,0,0,NA,0,0,0,0,0,0,0,0,0,0,0
"4980",981400178,0,0,0,0,0,0,NA,0,0,0,0,0,0,0,0,0,0,0
"5015",178026778,0,0,0,0,0,0,NA,0,0,0,0,0,0,0,0,0,0,0
"5071",774507688,0,0,0,0,0,0,NA,0,0,0,0,0,0,0,0,0,0,0
"5108",711515108,0,0,0,0,0,0,NA,0,0,0,0,0,0,0,0,0,0,0
"5188",331735839,0,0,0,0,0,0,NA,0,0,0,0,0,0,0,0,0,0,0
"5208",852865175,0,0,0,0,0,0,NA,0,0,0,0,0,0,0,0,0,0,1
"5212",586579921,0,0,0,0,0,0,NA,0,0,0,0,0,0,0,0,0,0,0
"5263",425336297,0,0,0,0,0,0,NA,0,0,0,0,0,0,0,0,0,0,0
"5370",36014306,0,0,0,0,0,0,NA,0,0,0,0,0,0,0,0,0,0,0
"5375",781848276,0,0,0,0,0,0,NA,0,0,0,0,0,0,0,0,0,0,0
"5436",698918934,0,0,0,0,0,0,NA,0,0,0,0,0,0,0,0,0,0,0
"5445",515375242,0,0,0,0,0,0,NA,0,0,0,0,0,0,0,0,0,0,0
"5450",909306179,0,0,0,0,0,0,NA,0,0,0,0,0,0,0,0,0,0,0
"5459",362046613,0,0,0,0,0,0,NA,0,0,0,0,0,0,0,0,0,0,0
"5506",802116780,0,0,0,0,0,0,NA,0,0,0,0,0,0,0,0,0,0,0
"5515",231364263,0,0,0,0,0,0,NA,0,0,0,0,0,0,0,0,0,0,0
"5526",795317080,0,0,0,0,0,0,NA,0,0,0,0,0,0,0,0,0,0,0
"5559",850061129,0,0,0,0,0,0,NA,0,0,0,0,0,0,0,0,0,0,0
"5586",584734272,0,0,0,0,0,0,NA,0,0,0,0,0,0,0,0,0,0,0
"5632",402629080,0,0,0,0,0,0,NA,0,0,0,0,0,0,0,0,0,0,0
"5690",812582013,0,0,0,0,0,0,NA,0,0,0,0,0,0,0,0,0,0,0
"5696",376331857,0,0,0,0,0,0,NA,0,0,0,0,0,0,0,0,0,0,0
"5725",196985278,0,0,0,0,0,0,NA,0,0,0,0,0,0,0,0,0,0,0
"5733",343614937,0,0,0,0,0,0,NA,0,0,0,0,0,0,0,0,0,0,0
"5749",497204890,0,0,0,0,0,0,NA,0,0,0,0,0,0,0,0,0,0,0
"5865",44335876,0,0,0,0,0,0,NA,0,0,0,0,0,0,0,0,0,0,1
"5903",416108208,0,0,0,0,0,0,NA,0,0,0,0,0,0,0,0,0,0,0
"5957",958697300,0,0,0,0,1,1,NA,0,0,0,0,0,0,0,0,0,0,0
"5999",580038194,0,0,0,0,1,1,NA,0,0,0,0,0,0,0,0,0,0,0
"6139",438182913,0,0,0,0,1,1,NA,0,0,0,0,0,0,0,0,0,0,0
"6173",785171556,0,0,0,0,1,1,NA,0,0,0,0,0,0,0,0,0,0,0
"6214",397622376,0,0,0,0,1,1,NA,0,0,0,0,0,0,0,0,0,0,0
"6215",347817698,0,0,0,0,1,1,NA,0,0,0,0,0,0,0,0,0,0,0
"6229",175490401,0,0,0,0,1,1,NA,0,0,0,0,0,0,0,0,0,0,0
"6230",566551349,0,0,0,0,1,1,NA,0,0,0,0,0,0,0,0,0,0,0
"6244",415811284,0,0,0,0,1,1,NA,0,0,0,0,0,0,0,0,0,0,0
"6256",478793831,0,0,0,0,1,1,NA,0,0,0,0,0,0,0,0,0,0,1
"6262",469805714,0,0,0,0,1,1,NA,0,0,0,0,0,0,0,0,0,0,0
"6303",167161776,0,0,0,0,1,1,NA,0,0,0,0,0,0,0,0,0,0,0
"6371",52862117,0,0,0,0,1,1,NA,0,0,0,0,0,0,0,0,0,0,0
"6388",637769251,0,0,0,0,1,1,NA,0,0,0,0,0,0,0,0,0,0,0
"6424",638859581,0,0,0,0,1,1,NA,0,0,0,0,0,0,0,0,0,0,0
"6516",274585256,0,0,0,0,1,1,NA,0,0,0,0,0,0,0,0,0,0,0
"6518",657849643,0,0,0,0,1,1,NA,0,0,0,0,0,0,0,0,0,0,0
"6563",646674600,0,0,0,0,1,1,NA,0,0,0,0,0,0,0,0,0,0,0
"6567",276325618,0,0,0,0,1,1,NA,0,0,0,0,0,0,0,0,0,0,0
"6688",677626358,0,0,0,0,1,1,NA,0,0,0,0,0,0,0,0,0,0,0
"6703",450739822,0,0,0,0,1,1,NA,0,0,0,0,0,0,0,0,0,0,0
"6739",913781597,0,0,0,0,1,1,NA,0,0,0,0,0,0,0,0,0,0,0
"6749",190430119,0,0,0,0,1,1,NA,0,0,0,0,0,0,0,0,0,0,0
"6762",100418985,0,0,0,0,1,1,NA,0,0,0,0,0,0,0,0,0,0,0
"6835",746428182,0,0,0,0,1,1,NA,0,0,0,0,0,0,0,0,0,0,0
"6866",481781824,0,0,0,0,1,1,NA,0,0,0,0,0,0,0,0,0,0,0
"6894",886590423,0,0,0,0,1,1,NA,0,0,0,0,0,0,0,0,0,0,0
"6911",13151228,0,0,0,0,1,1,NA,0,0,0,0,0,0,0,0,0,0,0
"6925",246445056,0,0,0,0,1,1,NA,0,0,0,0,0,0,0,0,0,0,0
"6971",322847976,0,0,0,0,1,1,NA,0,0,0,0,0,0,0,0,0,0,1
"6986",984007053,0,0,0,0,1,1,NA,0,0,0,0,0,0,0,0,0,0,0
"6989",842699068,0,0,0,0,1,1,NA,0,0,0,0,0,0,0,0,0,0,0
"7020",669000984,0,0,0,0,1,1,NA,0,0,0,0,0,0,0,0,0,0,0
"7040",722063351,0,0,0,0,1,1,NA,0,0,0,0,0,0,0,0,0,0,0
"7076",592292540,0,0,0,0,1,1,NA,0,0,0,0,0,0,0,0,0,0,0
"7094",83530564,0,0,0,0,1,1,NA,0,0,0,0,0,0,0,0,0,0,0
"7180",731139488,0,0,0,0,1,1,NA,0,0,0,0,0,0,0,0,0,0,0
"7191",313678950,0,0,0,0,1,1,NA,0,0,0,0,0,0,0,0,0,0,0
"7210",893305928,0,0,0,0,1,1,NA,0,0,0,0,0,0,0,0,0,0,0
"7231",658760817,0,0,0,0,1,1,NA,0,0,0,0,0,0,0,0,0,0,0
"7330",705606871,0,0,0,0,1,1,NA,0,0,0,0,0,0,0,0,0,0,0
"7451",708576750,0,0,0,0,1,1,NA,0,0,0,0,0,0,0,0,0,0,0
"7504",268480514,0,0,0,0,1,1,NA,0,0,0,0,0,0,0,0,0,0,0
"7555",546735796,0,0,0,0,1,1,NA,0,0,0,0,0,0,0,0,0,0,0
"7560",594390465,0,0,0,0,1,1,NA,0,0,0,0,0,0,0,0,0,0,0
"7574",900252165,0,0,0,0,1,1,NA,0,0,0,0,0,0,0,0,0,0,0
"7661",487657492,0,0,0,0,1,1,NA,0,0,0,0,0,0,0,0,0,0,0
"7710",997172857,0,0,0,0,1,1,NA,0,0,0,0,0,0,0,0,0,0,0
"7726",610379323,0,0,0,0,1,1,NA,0,0,0,0,0,1,0,0,0,0,0
"7805",776801546,0,0,0,0,1,1,NA,0,0,0,0,0,1,0,0,0,0,0
"7821",836793451,0,0,0,0,1,1,NA,0,0,0,0,0,1,0,0,0,0,0
"7822",171704409,0,0,0,0,1,1,NA,0,0,0,0,0,1,0,0,0,0,0
"7839",306614027,0,0,0,0,1,1,NA,0,0,0,0,0,1,0,0,0,0,0
"7854",376067225,0,0,0,0,1,1,NA,0,0,0,0,0,1,0,0,0,0,0
"7862",167214024,0,0,0,0,1,1,NA,0,0,0,0,0,1,0,0,0,0,0
"7903",347854770,0,0,0,0,1,1,NA,0,0,0,0,0,1,0,0,0,0,0
"7910",556344844,0,0,0,0,1,1,NA,0,0,0,0,0,1,0,0,0,0,0
"7967",920102023,0,0,0,0,1,1,NA,0,0,0,0,0,1,0,0,0,0,0
"7978",232544899,0,0,0,0,1,1,NA,0,0,0,0,0,1,0,0,0,0,0
"7986",128878646,0,0,0,0,1,1,NA,0,0,0,0,0,1,0,0,0,0,0
"8003",373139268,0,0,0,0,1,1,NA,0,0,0,0,0,1,0,0,0,0,0
"8017",700420135,0,0,0,0,1,1,NA,0,0,0,0,0,1,0,0,0,0,1
"8115",35682808,0,0,0,0,1,1,NA,0,0,0,0,0,1,0,0,0,0,0
"8248",277769106,0,0,0,0,1,1,NA,0,0,0,0,0,1,0,0,0,0,0
"8375",809093861,0,0,0,0,1,1,NA,0,0,0,0,0,1,0,0,0,0,0
"8412",926208698,0,0,0,0,1,1,NA,0,0,0,0,0,1,0,0,0,0,0
"8423",969054942,0,0,0,0,1,1,NA,0,0,0,0,0,1,0,0,0,0,0
"8432",414946119,0,0,0,0,1,1,NA,0,0,0,0,0,1,0,0,0,0,0
"8469",422970136,0,0,0,0,1,1,NA,0,0,0,0,0,1,0,0,0,0,0
"8521",784776226,0,0,0,0,1,1,NA,0,0,0,0,0,1,0,0,0,0,0
"8626",501149872,0,0,0,0,1,1,NA,0,0,0,0,0,1,0,0,0,0,0
"8653",130987544,0,0,0,0,1,1,NA,0,0,0,0,0,1,0,0,0,0,0
"8734",708955818,0,0,0,0,1,1,NA,0,0,0,0,0,1,0,0,0,0,0
"8742",371900366,0,0,0,0,1,1,NA,0,0,0,0,0,1,0,0,0,0,0
"8747",955942047,0,0,0,0,1,1,NA,0,0,0,0,0,1,0,0,0,0,0
"8801",931086616,0,0,0,0,1,1,NA,0,0,0,0,0,1,0,0,0,0,0
"8827",696657496,0,0,0,0,0,0,NA,0,0,0,0,0,1,0,0,0,0,1
"8864",486586325,0,0,0,0,0,0,NA,0,0,0,0,0,1,0,0,0,0,0
"8942",417446167,0,0,0,0,0,0,NA,0,0,0,0,0,1,0,0,0,0,0
"8975",980506042,0,0,0,0,0,0,NA,0,0,0,0,0,1,0,0,0,0,0
"8995",756127715,0,0,0,0,0,0,NA,0,0,0,0,0,1,0,0,0,0,0
"9030",842675196,0,0,0,0,0,0,NA,0,0,0,0,0,1,0,0,0,0,0
"9034",685387996,0,0,0,0,0,0,NA,0,0,0,0,0,1,0,0,0,0,0
"9046",321673518,0,0,0,0,0,0,NA,0,0,0,0,0,1,0,0,0,0,0
"9064",777088277,0,0,0,0,0,0,NA,0,0,0,0,0,1,0,0,0,0,0
"9077",757202774,0,0,0,0,0,0,NA,0,0,0,0,0,1,0,0,0,0,0
"9110",280220423,0,0,0,0,0,0,NA,0,0,0,0,0,1,0,0,0,0,0
"9173",139178950,0,0,0,0,0,0,NA,0,0,0,0,0,1,0,0,0,0,0
"9207",892543372,0,0,0,0,0,0,NA,0,0,0,0,0,1,0,0,0,0,0
"9272",430694387,0,0,0,0,0,0,NA,0,0,0,0,0,1,0,0,0,0,0
"9280",858123994,0,0,0,0,0,0,NA,0,0,0,0,0,1,0,0,0,0,0
"9323",218711474,0,0,0,0,0,0,NA,0,0,0,0,0,1,0,0,0,0,0
"9340",192027436,0,0,0,0,0,0,NA,0,0,0,0,0,1,0,0,0,0,0
"9379",152614943,0,0,0,0,0,0,NA,0,0,0,0,0,1,0,0,0,0,0
"9407",85578030,0,0,0,0,0,0,NA,0,0,0,0,0,1,0,0,0,0,0
"9409",631382505,0,0,0,0,0,0,NA,0,0,0,0,0,1,0,0,0,0,0
"9448",239997968,0,0,0,0,0,0,NA,0,0,0,0,0,1,0,0,0,0,0
"9456",606662740,0,0,0,0,0,0,NA,0,0,0,0,0,1,0,0,0,0,0
"9546",115790461,0,0,0,0,0,0,NA,0,0,0,0,0,1,0,0,0,0,0
"9550",847381190,0,0,0,0,0,0,NA,0,0,0,0,0,1,0,0,0,0,0
"9658",991369341,0,0,0,0,0,0,NA,0,0,0,0,0,1,0,0,0,0,0
"9719",309238200,0,0,0,0,0,0,NA,0,0,0,0,0,1,0,0,0,0,0
"9957",408725339,0,0,0,0,0,0,NA,0,0,0,0,0,1,0,0,0,0,0
"10016",471279826,0,0,0,0,0,0,NA,0,0,0,0,0,1,0,0,0,0,0
"10024",579666153,0,0,0,0,0,0,NA,0,0,0,0,0,1,0,0,0,0,0
"10096",154555471,0,0,0,0,0,0,NA,0,0,0,0,0,1,0,0,0,0,0
"10109",170133761,0,0,0,0,0,0,NA,0,0,0,0,0,1,0,0,0,0,0
"10127",204581256,0,0,0,0,0,0,NA,0,0,0,0,0,1,0,0,0,0,0
"10207",578573600,0,0,0,0,0,0,NA,0,0,0,0,0,1,0,0,0,0,0
"10220",792351608,0,0,0,0,0,0,NA,0,0,0,0,0,1,0,0,0,0,0
"10258",771058072,0,0,0,0,0,0,NA,0,0,0,0,0,1,0,0,0,0,0
"10320",589727786,0,0,0,0,0,0,NA,0,0,0,0,0,0,0,0,0,0,0
"10321",126297619,0,0,0,0,0,0,NA,0,0,0,0,0,0,0,0,0,0,0
"10322",633535445,0,0,0,0,0,0,NA,0,0,0,0,0,0,0,0,0,0,0
"10323",307891979,0,0,0,0,0,0,NA,0,0,0,0,0,0,0,0,0,0,0
"10324",332776118,0,0,0,0,0,0,NA,0,0,0,0,0,0,0,0,0,0,0
"10325",958597982,0,0,0,0,0,0,NA,0,0,0,0,0,0,0,0,0,0,1
"10326",880650308,0,0,0,0,0,0,NA,0,0,0,0,0,0,0,0,0,0,0
"10327",302676241,0,0,0,0,0,0,NA,0,0,0,0,0,0,0,0,0,0,0
"10328",828346773,0,0,0,0,0,0,NA,0,0,0,0,0,0,0,0,0,0,0
"10329",325933773,0,0,0,0,0,0,NA,0,0,0,0,0,0,0,0,0,0,0
"10330",23937840,0,0,0,0,0,0,NA,0,0,0,0,0,0,0,0,0,0,0
"10331",736724161,0,0,0,0,0,0,NA,0,0,0,0,0,0,0,0,0,0,0
"10332",73893982,0,0,0,0,0,0,NA,0,0,0,0,0,0,0,0,0,0,0
"10333",640665371,0,0,0,0,0,0,NA,0,0,0,0,0,0,0,0,0,0,0
"10334",833157330,0,0,0,0,0,0,NA,0,0,0,0,0,0,0,0,0,0,0
"10335",471690279,0,0,0,0,0,0,NA,0,0,0,0,0,0,0,0,0,0,0
"10336",684746449,0,0,0,0,0,0,NA,0,0,0,0,0,0,0,0,0,0,0
"10337",197581400,0,0,0,0,0,0,NA,0,0,0,0,0,0,0,0,0,0,0
"10338",704116203,0,0,0,0,0,0,NA,0,0,0,0,0,0,0,0,0,0,0
"10339",52533597,0,0,0,0,0,0,NA,0,0,0,0,0,0,0,0,0,0,0
"10340",443762714,0,0,0,0,0,0,NA,0,0,0,0,0,0,0,0,0,0,0
"10341",801659119,0,0,0,0,0,0,NA,0,0,0,0,0,0,0,0,0,0,0
"10342",31723032,0,0,0,0,0,0,NA,0,0,0,0,0,0,0,0,0,0,0
"10343",629930118,0,0,0,0,0,0,NA,0,0,0,0,0,0,0,0,0,0,0
"10344",491314458,0,0,0,0,0,0,NA,0,0,0,0,0,0,0,0,0,0,0
"10345",356979680,0,0,0,0,0,0,NA,0,0,0,0,0,0,0,0,0,0,0
"10346",141983591,0,0,0,0,0,0,NA,0,0,0,0,0,0,0,0,0,0,1
"10347",897648447,0,0,0,0,0,0,NA,0,0,0,0,0,0,0,0,0,0,0
"10348",338649966,0,0,0,0,0,0,NA,0,0,0,0,0,0,0,0,0,0,1
"10349",254535392,0,0,0,0,0,0,NA,0,0,0,0,0,0,0,0,0,0,0
"10350",237168671,0,0,0,0,0,0,NA,0,0,0,0,0,0,0,0,0,0,0
"10351",618758262,0,0,0,0,0,0,NA,0,0,0,0,0,0,0,0,0,0,0
"10352",497527802,0,0,0,0,0,0,NA,0,0,0,0,0,0,0,0,0,0,0
"10353",355665511,0,0,0,0,0,0,NA,0,0,0,0,0,0,0,0,0,0,0
"10354",920619575,0,0,0,0,0,0,NA,0,0,0,0,0,0,0,0,0,0,0
"10355",160918292,0,0,0,0,0,0,NA,0,0,0,0,0,0,0,0,0,0,0
"10356",525371160,0,0,0,0,0,0,NA,0,0,0,0,0,0,0,0,0,0,0
"10357",428232669,0,0,0,0,0,0,NA,0,0,0,0,0,0,0,0,0,0,0
"10358",467588193,0,0,0,0,0,0,NA,0,0,0,0,0,0,0,0,0,0,0
"10359",709351696,0,0,0,0,0,0,NA,0,0,0,0,0,0,0,0,0,0,0
"10360",244927986,0,0,0,0,0,0,NA,0,0,0,0,0,0,0,0,0,0,0
"10361",772414815,0,0,0,0,0,0,NA,0,0,0,0,0,0,0,0,0,0,0
"10362",663932777,0,0,0,0,0,0,NA,0,0,0,0,0,0,0,0,0,0,0
"10363",67966508,0,0,0,0,0,0,NA,0,0,0,0,0,0,0,0,0,0,0
"10364",554382693,0,0,0,0,0,0,NA,0,0,0,0,0,0,0,0,0,0,0
"10365",699138207,0,0,0,0,0,0,NA,0,0,0,0,0,0,0,0,0,0,0
"10366",787526651,0,0,0,0,0,0,NA,0,0,0,0,0,0,0,0,0,0,0
"10367",955768566,0,0,0,0,0,0,NA,0,0,0,0,0,0,0,0,0,0,0
"10368",237147008,0,0,0,0,0,0,NA,0,0,0,0,0,0,0,0,0,0,0
"10369",589234238,0,0,0,0,0,0,NA,0,0,0,0,0,0,0,0,0,0,0
"10370",556475069,0,0,0,0,0,0,NA,0,0,0,0,0,0,0,0,0,0,0
"10371",861242765,0,0,0,0,0,0,NA,0,0,0,0,0,0,0,0,0,0,0
"10372",510366886,0,0,0,0,0,0,NA,0,0,0,0,0,0,0,0,0,0,0
"10373",227398140,0,0,0,0,0,0,NA,0,0,0,0,0,0,0,0,0,0,0
"10374",784039532,0,0,0,0,0,0,NA,0,0,0,0,0,0,0,0,0,0,0
"10375",902783184,0,0,0,0,0,0,NA,0,0,0,0,0,0,0,0,0,0,0
"10376",983444457,0,0,0,0,0,0,NA,0,0,0,0,0,0,0,0,0,0,0
"10377",562164102,0,0,0,0,0,0,NA,0,0,0,0,0,0,0,0,0,0,0
"10378",719297445,0,0,0,0,0,0,NA,0,0,0,0,0,0,0,0,0,0,0
"10379",350748686,0,0,0,0,0,0,NA,0,0,0,0,0,0,0,0,0,0,0
"10380",8738594,0,0,0,0,0,0,NA,0,0,0,0,0,0,0,0,0,0,0
"10381",305556,0,0,0,0,0,0,NA,0,0,0,0,0,0,0,0,0,0,0
"10382",588311036,0,0,0,0,0,0,NA,0,0,0,0,0,0,0,0,0,0,0
"10383",394572023,0,0,0,0,0,0,NA,0,0,0,0,0,0,0,0,0,0,0
"10384",475350849,0,0,0,0,0,0,NA,0,0,0,0,0,0,0,0,0,0,0
"10385",771711218,0,0,0,0,0,0,NA,0,0,0,0,0,0,0,0,0,0,0
"10386",683898127,0,0,0,0,0,0,NA,0,0,0,0,0,0,0,0,0,0,0
"10387",112103986,0,0,0,0,0,0,NA,0,0,0,0,0,0,0,0,0,0,0
"10388",129013309,0,0,0,0,0,0,NA,0,0,0,0,0,0,0,0,0,0,0
"10389",5816612,0,0,0,0,0,0,NA,0,0,0,0,0,0,0,0,0,0,0
"10390",391743293,0,0,0,0,0,0,NA,0,0,0,0,0,0,0,0,0,0,0
"10391",643235164,0,0,0,0,0,0,NA,0,0,0,0,0,0,0,0,0,0,0
"10392",400069583,0,0,0,0,0,0,NA,0,0,0,0,0,0,0,0,0,0,0
"10393",595054760,0,0,0,0,0,0,NA,0,0,0,0,0,0,0,0,0,0,0
"10394",174344234,0,0,0,0,0,0,NA,0,0,0,0,0,0,0,0,0,0,0
"10395",119274294,0,0,0,0,0,0,NA,0,0,0,0,0,0,0,0,0,0,0
"10396",732878335,0,0,0,0,0,0,NA,0,0,0,0,0,0,0,0,0,0,0
"10397",939299287,0,0,0,0,0,0,NA,0,0,0,0,0,0,0,0,0,0,0
"10398",395600720,0,0,0,0,0,0,NA,0,0,0,0,0,0,0,0,0,0,0
"10399",113587298,0,0,0,0,0,0,NA,0,0,0,0,0,0,0,0,0,0,0
"10400",44829119,0,0,0,0,0,0,NA,0,0,0,0,0,0,0,0,0,0,0
"10401",599523235,0,0,0,0,0,0,NA,0,0,0,0,0,0,0,0,0,0,0
"10402",305062400,0,0,0,0,0,0,NA,0,0,0,0,0,0,0,0,0,0,0
"10403",77009591,0,0,0,0,0,0,NA,0,0,0,0,0,0,0,0,0,0,0
"10404",503672421,0,0,0,0,0,0,NA,0,0,0,0,0,0,0,0,0,0,0
"10405",715775985,0,0,0,0,0,0,NA,0,0,0,0,0,0,0,0,0,0,0
"10406",333988832,0,0,0,0,0,0,NA,0,0,0,0,0,0,0,0,0,0,0
"10407",639293405,0,0,0,0,0,0,NA,0,0,0,0,0,0,0,0,0,0,0
"10408",598514673,0,0,0,0,0,0,NA,0,0,0,0,0,0,0,0,0,0,0
"10409",566520494,0,0,0,0,0,0,NA,0,0,0,0,0,0,0,0,0,0,0
"10410",419881687,0,0,0,0,0,0,NA,0,0,0,0,0,0,0,0,0,0,0
"10411",731286347,0,0,0,0,0,0,NA,0,0,0,0,0,0,0,0,0,0,0
"10412",193379100,0,0,0,0,0,0,NA,0,0,0,0,0,0,0,0,0,0,0
"10413",141740950,0,0,0,0,0,0,NA,0,0,0,0,0,0,0,0,0,0,0
"10414",520389186,0,0,0,0,0,0,NA,0,0,0,0,0,0,0,0,0,0,0
"10415",91193189,0,0,0,0,0,0,NA,0,0,0,0,0,0,0,0,0,0,0
"10416",916281530,0,0,0,0,0,0,NA,0,0,0,0,0,0,0,0,0,0,0
"10417",757751040,0,0,0,0,0,0,NA,0,0,0,0,0,0,0,0,0,0,0
"10418",920798304,0,0,0,0,0,0,NA,0,0,0,0,0,0,0,0,0,0,0
"10419",493222768,0,0,0,0,0,0,NA,0,0,0,0,0,0,0,0,0,0,0
"10420",688411759,0,0,0,0,0,0,NA,0,0,0,0,0,0,0,0,0,0,0
"10421",128694041,0,0,0,0,0,0,NA,0,0,0,0,0,0,0,0,0,0,0
"10422",698336723,0,0,0,0,0,0,NA,0,0,0,0,0,0,0,0,0,0,0
"10423",703603758,0,0,0,0,0,0,NA,0,0,0,0,0,0,0,0,0,0,0
"10424",701182597,0,0,0,0,0,0,NA,0,0,0,0,0,0,0,0,0,0,0
"10425",862925092,0,0,0,0,0,0,NA,0,0,0,0,0,0,0,0,0,0,0
"10426",250801886,0,0,0,0,0,0,NA,0,0,0,0,0,0,0,0,0,0,0
"10427",494858007,0,0,0,0,0,0,NA,0,0,0,0,0,0,0,0,0,0,1
"10428",923960498,0,0,0,0,0,0,NA,0,0,0,0,0,0,0,0,0,0,0
"10429",132271776,0,0,0,0,0,0,NA,0,0,0,0,0,0,0,0,0,0,0
"10430",314011480,0,0,0,0,0,0,NA,0,0,0,0,0,0,0,0,0,0,0
"10431",451710826,0,0,0,0,0,0,NA,0,0,0,0,0,0,0,0,0,0,0
"10432",726936660,0,0,0,0,0,0,NA,0,0,0,0,0,0,0,0,0,0,0
"10433",797707134,0,0,0,0,0,0,NA,0,0,0,0,0,0,0,0,0,0,0
"10434",260652726,0,0,0,0,0,0,NA,0,0,0,0,0,0,0,0,0,0,0
"10435",914158192,0,0,0,0,0,0,NA,0,0,0,0,0,0,0,0,0,0,0
"10436",643806690,0,0,0,0,0,0,NA,0,0,0,0,0,0,0,0,0,0,0
"10437",112363555,0,0,0,0,0,0,NA,0,0,0,0,0,0,0,0,0,0,0
"10438",176925129,0,0,0,0,0,0,NA,0,0,0,0,0,0,0,0,0,0,0
"10439",607179453,0,0,0,0,0,0,NA,0,0,0,0,0,0,0,0,0,0,0
"10440",153565905,0,0,0,0,0,0,NA,0,0,0,0,0,0,0,0,0,0,0
"10441",467689533,0,0,0,0,0,0,NA,0,0,0,0,0,0,0,0,0,0,1
"10442",486631553,0,0,0,0,0,0,NA,0,0,0,0,0,0,0,0,0,0,0
"10443",120035737,0,0,0,0,0,0,NA,0,0,0,0,0,0,0,0,0,0,0
"10444",223342327,0,0,0,0,0,0,NA,0,0,0,0,0,0,0,0,0,0,0
"10445",614483103,0,0,0,0,0,0,NA,0,0,0,0,0,0,0,0,0,0,0
"10446",234699970,0,0,0,0,0,0,NA,0,0,0,0,0,0,0,0,0,0,0
"10447",739728527,0,0,0,0,0,0,NA,0,0,0,0,0,0,0,0,0,0,0
"10448",342656399,0,0,0,0,0,0,NA,0,0,0,0,0,0,0,0,0,0,0
"10449",986773913,0,0,0,0,0,0,NA,0,0,0,0,0,0,0,0,0,0,0
"10450",48053709,0,0,0,0,0,0,NA,0,0,0,0,0,0,0,0,0,0,1
"10451",917553514,0,0,0,0,0,0,NA,0,0,0,0,0,0,0,0,0,0,0
"10452",858359547,0,0,0,0,0,0,NA,0,0,0,0,0,0,0,0,0,0,0
"10453",670043715,0,0,0,0,0,0,NA,0,0,0,0,0,0,0,0,0,0,0
"10454",70601938,0,0,0,0,0,0,NA,0,0,0,0,0,0,0,0,0,0,0
"10455",533504267,0,0,0,0,0,0,NA,0,0,0,0,0,0,0,0,0,0,0
"10456",552530710,0,0,0,0,0,0,NA,0,0,0,0,0,0,0,0,0,0,0
"10457",955041933,0,0,0,0,0,0,NA,0,0,0,0,0,0,0,0,0,0,0
"10458",781340949,0,0,0,0,0,0,NA,0,0,0,0,0,0,0,0,0,0,0
"10459",761254638,0,0,0,0,0,0,NA,0,0,0,0,0,0,0,0,0,0,0
"10460",255616922,0,0,0,0,0,0,NA,0,0,0,0,0,0,0,0,0,0,0
"10461",268391212,0,0,0,0,0,0,NA,0,0,0,0,0,0,0,0,0,0,0
"10462",102460273,0,0,0,0,0,0,NA,0,0,0,0,0,0,0,0,0,0,0
"10463",649262990,0,0,0,0,0,0,NA,0,0,0,0,0,0,0,0,0,0,0
"10464",119319266,0,0,0,0,0,0,NA,0,0,0,0,0,0,0,0,0,0,0
"10465",455473895,0,0,0,0,0,0,NA,0,0,0,0,0,0,0,0,0,0,0
"10466",583509419,0,0,0,0,0,0,NA,0,0,0,0,0,0,0,0,0,0,0
"10467",180475838,0,0,0,0,0,0,NA,0,0,0,0,0,0,0,0,0,0,0
"10468",363084491,0,0,0,0,0,0,NA,0,0,0,0,0,0,0,0,0,0,0
"10469",383711719,0,0,0,0,0,0,NA,0,0,0,0,0,0,0,0,0,0,0
"10470",450053844,0,0,0,0,0,0,NA,0,0,0,0,0,0,0,0,0,0,0
"10471",910174499,0,0,0,0,0,0,NA,0,0,0,0,0,0,0,0,0,0,0
"10472",605808200,0,0,0,0,0,0,NA,0,0,0,0,0,0,0,0,0,0,0
"10473",646854466,0,0,0,0,0,0,NA,0,0,0,0,0,0,0,0,0,0,0
"10474",179978105,0,0,0,0,0,0,NA,0,0,0,0,0,0,0,0,0,0,0
"10475",770623053,0,0,0,0,0,0,NA,0,0,0,0,0,0,0,0,0,0,0
"10476",212257840,0,0,0,0,0,0,NA,0,0,0,0,0,0,0,0,0,0,0
"10477",533017539,0,0,0,0,0,0,NA,0,0,0,0,0,0,0,0,0,0,0
"10478",241363146,0,0,0,0,0,0,NA,0,0,0,0,0,0,0,0,0,0,0
"10479",667247017,0,0,0,0,0,0,NA,0,0,0,0,0,0,0,0,0,0,0
"10480",495414932,0,0,0,0,0,0,NA,0,0,0,0,0,0,0,0,0,0,0
"10481",127909152,0,0,0,0,0,0,NA,0,0,0,0,0,0,0,0,0,0,0
"10482",934557246,0,0,0,0,0,0,NA,0,0,0,0,0,0,0,0,0,0,0
"10483",572696506,0,0,0,0,0,0,NA,0,0,0,0,0,0,0,0,0,0,0
"10484",456357400,0,0,0,0,0,0,NA,0,0,0,0,0,0,0,0,0,0,0
"10485",173809384,0,0,0,0,0,0,NA,0,0,0,0,0,0,0,0,0,0,0
"10486",985969288,0,0,0,0,0,0,NA,0,0,0,0,0,0,0,0,0,0,0
"10487",584581354,0,0,0,0,0,0,NA,0,0,0,0,0,0,0,0,0,0,0
"10488",121188460,0,0,0,0,0,0,NA,0,0,0,0,0,0,0,0,0,0,0
"10489",513184577,0,0,0,0,0,0,NA,0,0,0,0,0,0,0,0,0,0,0
"10490",950062505,0,0,0,0,0,0,NA,0,0,0,0,0,0,0,0,0,0,0
"10491",984315601,0,0,0,0,0,0,NA,0,0,0,0,0,0,0,0,0,0,0
"10492",297279713,0,0,0,0,0,0,NA,0,0,0,0,0,0,0,0,0,0,0
"10493",437806806,0,0,0,0,0,0,NA,0,0,0,0,0,0,0,0,0,0,0
"10494",491288477,0,0,0,0,0,0,NA,0,0,0,0,0,0,0,0,0,0,0
"10495",54036163,0,0,0,0,0,0,NA,0,0,0,0,0,0,0,0,0,0,0
"10496",248505798,0,0,0,0,0,0,NA,0,0,0,0,0,0,0,0,0,0,0
"10497",908401852,0,0,0,0,0,0,NA,0,0,0,0,0,0,0,0,0,0,0
"10498",508531122,0,0,0,0,0,0,NA,0,0,0,0,0,0,0,0,0,0,0
"10499",288762694,0,0,0,0,0,0,NA,0,0,0,0,0,0,0,0,0,0,0
"10500",504847007,0,0,0,0,0,0,NA,0,0,0,0,0,0,0,0,0,0,0
"10510",479431469,0,0,0,0,0,0,NA,0,0,0,0,0,1,NA,NA,0,0,0
"10561",369436570,0,0,0,0,0,0,NA,0,0,0,0,0,1,NA,NA,0,0,0
"10584",198567793,0,0,0,0,0,0,NA,0,0,0,0,0,1,NA,NA,0,0,0
"10595",771962421,0,0,0,0,0,0,NA,0,0,0,0,0,1,NA,NA,0,0,0
"10764",124126752,0,0,0,0,0,0,NA,0,0,0,0,0,1,NA,NA,0,0,0
"10786",897124363,0,0,0,0,0,0,NA,0,0,0,0,0,1,NA,NA,0,0,0
"10822",127042017,0,0,0,0,0,0,NA,0,0,0,0,0,1,NA,NA,0,0,0
"10953",252694179,0,0,0,0,0,0,NA,0,0,0,0,0,1,NA,NA,0,0,0
"10959",377993668,0,0,0,0,0,0,NA,0,0,0,0,0,1,NA,NA,0,0,0
"10966",757235320,0,0,0,0,0,0,NA,0,0,0,0,0,1,NA,NA,0,0,0
"10967",548942415,0,0,0,0,0,0,NA,0,0,0,0,0,1,NA,NA,0,0,0
"11000",84058197,0,0,0,0,0,0,NA,0,0,0,0,0,1,NA,NA,0,0,0
"11068",752148797,0,0,0,0,0,0,NA,0,0,0,0,0,1,NA,NA,0,0,0
"11139",49012122,0,0,0,0,0,0,NA,0,0,0,0,0,1,NA,NA,0,0,0
"11197",503318401,0,0,0,0,0,0,NA,0,0,0,0,0,1,NA,NA,0,0,0
"11217",591055764,0,0,0,0,0,0,NA,0,0,0,0,0,1,NA,NA,0,0,0
"11233",388514432,0,0,0,0,0,0,NA,0,0,0,0,0,1,NA,NA,0,0,0
"11301",542714178,0,0,0,0,0,0,NA,0,0,0,0,0,1,NA,NA,0,0,0
"11344",916223895,0,0,0,0,0,0,NA,0,0,0,0,0,1,NA,NA,0,0,0
"11393",744687272,0,0,0,0,0,0,NA,0,0,0,0,0,1,NA,NA,0,0,0
"11448",668785489,0,0,0,0,0,0,NA,0,0,0,0,0,1,NA,NA,0,0,0
"11462",649053029,0,0,0,0,0,0,NA,0,0,0,0,0,1,NA,NA,0,0,0
"11486",929601043,0,0,0,0,0,0,NA,0,0,0,0,0,1,NA,NA,0,0,0
"11631",309853573,0,0,0,0,0,0,NA,0,0,0,0,0,1,NA,NA,0,0,0
"11641",569827778,0,0,0,0,0,0,NA,0,0,0,0,0,1,NA,NA,0,0,0
"11693",883384468,0,0,0,0,0,0,NA,0,0,0,0,0,1,NA,NA,0,0,0
"11708",221899432,0,0,0,0,0,0,NA,0,0,0,0,0,1,NA,NA,0,0,0
"11728",911725818,0,0,0,0,0,0,NA,0,0,0,0,0,1,NA,NA,0,0,0
"11733",434467018,0,0,0,0,0,0,NA,0,0,0,0,0,1,NA,NA,0,0,0
"11756",481295026,0,0,0,0,0,0,NA,0,0,0,0,0,1,NA,NA,0,0,0
"11769",798604299,0,0,0,0,0,0,NA,0,0,0,0,0,1,NA,NA,0,0,0
"11775",112862514,0,0,0,0,0,0,NA,0,0,0,0,0,1,NA,NA,0,0,0
"11867",891843630,0,0,0,0,0,0,NA,0,0,0,0,0,1,NA,NA,0,0,0
"11874",541858227,0,0,0,0,0,0,NA,0,0,0,0,0,1,NA,NA,0,0,0
"11891",176968017,0,0,0,0,0,0,NA,0,0,0,0,0,1,NA,NA,0,0,0
"11945",133478859,0,0,0,0,0,0,NA,0,0,0,0,0,1,NA,NA,0,0,0
"11950",902334800,0,0,0,0,0,0,NA,0,0,0,0,0,1,NA,NA,0,0,0
"12040",824545388,0,0,0,0,0,0,NA,0,0,0,0,0,1,NA,NA,0,0,0
"12064",539264103,0,0,0,0,0,0,NA,0,0,0,0,0,1,NA,NA,0,0,0
"12100",501181723,0,0,0,0,0,0,NA,0,0,0,0,0,1,NA,NA,0,0,0
"12112",858644667,0,0,0,0,0,0,NA,0,0,0,0,0,1,NA,NA,0,0,0
"12114",528218873,0,0,0,0,0,0,NA,0,0,0,0,0,1,NA,NA,0,0,0
"12183",984868474,0,0,0,0,0,0,NA,0,0,0,0,0,1,NA,NA,0,0,0
"12194",93578574,0,0,0,0,0,0,NA,0,0,0,0,0,1,NA,NA,0,0,0
"12295",282012853,0,0,0,0,0,0,NA,0,0,0,0,0,1,NA,NA,0,0,0
"12455",997877285,0,0,0,0,0,0,NA,0,0,0,0,0,1,NA,NA,0,0,0
"12460",89717445,0,0,0,0,0,0,NA,0,0,0,0,0,1,NA,NA,0,0,0
"12462",637426108,0,0,0,0,0,0,NA,0,0,0,0,0,1,NA,NA,0,0,0
"12466",116857800,0,0,0,0,0,0,NA,0,0,0,0,0,1,NA,NA,0,0,0
"12524",741632907,0,0,0,0,0,0,NA,0,0,0,0,0,1,NA,NA,0,0,0
"12584",101349574,0,0,0,0,0,0,NA,0,0,0,0,0,1,NA,NA,0,0,0
"12646",249696702,0,0,0,0,0,0,NA,0,0,0,0,0,1,NA,NA,0,0,0
"12650",391046569,0,0,0,0,0,0,NA,0,0,0,0,0,1,NA,NA,0,0,0
"12690",469364445,0,0,0,0,0,0,NA,0,0,0,0,0,1,NA,NA,0,0,0
"12733",979685284,0,0,0,0,0,0,NA,0,0,0,0,0,1,NA,NA,0,0,0
"12766",724168706,0,0,0,0,0,0,NA,0,0,0,0,0,1,NA,NA,0,0,0
"12850",233632891,0,0,0,0,0,0,NA,0,0,0,0,0,1,NA,NA,0,0,0
"12928",646150826,0,0,0,0,0,0,NA,0,0,0,0,0,1,NA,NA,0,0,0
"13036",736850619,0,0,0,0,0,0,NA,0,0,0,0,0,1,NA,NA,0,0,0
"13079",652366418,0,0,0,0,0,0,NA,0,0,0,0,0,1,NA,NA,0,0,0
"13097",571438597,0,0,0,0,0,0,NA,0,0,0,0,0,1,NA,NA,0,0,0
"13112",549431788,0,0,0,0,0,0,NA,0,0,0,0,0,1,NA,NA,0,0,0
"13217",323675867,0,0,0,0,0,0,NA,0,0,0,0,0,1,NA,NA,0,0,0
"13222",446445177,0,0,0,0,0,0,NA,0,0,0,0,0,1,NA,NA,0,0,0
"13253",320268564,0,0,0,0,0,0,NA,0,0,0,0,0,1,NA,NA,0,0,0
"13270",870430043,0,0,0,0,0,0,NA,0,0,0,0,0,1,NA,NA,0,0,0
"13344",291430838,0,0,0,0,0,0,NA,0,0,0,0,0,1,NA,NA,0,0,0
"13417",5010130,0,0,0,0,0,0,NA,0,0,0,0,0,1,NA,NA,0,0,0
"13422",299721914,0,0,0,0,0,0,NA,0,0,0,0,0,1,NA,NA,0,0,0
"13430",45226337,0,0,0,0,0,0,NA,0,0,0,0,0,1,NA,NA,0,0,0
"13437",243860515,0,0,0,0,0,0,NA,0,0,0,0,0,1,NA,NA,0,0,0
"13446",27185336,0,0,0,0,0,0,NA,0,0,0,0,0,1,NA,NA,0,0,0
"13507",45606232,0,0,0,0,0,0,NA,0,0,0,0,0,1,NA,NA,0,0,0
"13519",620058635,0,0,0,0,0,0,NA,0,0,0,0,0,1,NA,NA,0,0,0
"13548",696133879,0,0,0,0,0,0,NA,0,0,0,0,0,1,NA,NA,0,0,0
"13557",987807398,0,0,0,0,0,0,NA,0,0,0,0,0,1,NA,NA,0,0,0
"13613",540904066,0,0,0,0,0,0,NA,0,0,0,0,0,1,NA,NA,0,0,0
"13659",427585602,0,0,0,0,0,0,NA,0,0,0,0,0,1,NA,NA,0,0,0
"13663",517971615,0,0,0,0,0,0,NA,0,0,0,0,0,1,NA,NA,0,0,0
"13710",241783876,0,0,0,0,0,0,NA,0,0,0,0,0,1,NA,NA,0,0,0
"13744",785171954,0,0,0,0,0,0,NA,0,0,0,0,0,1,NA,NA,0,0,1
"13767",608880223,0,0,0,0,0,0,NA,0,0,0,0,0,1,NA,NA,0,0,0
"13772",547952497,0,0,0,0,0,0,NA,0,0,0,0,0,1,NA,NA,0,0,0
"13858",393746663,0,0,0,0,0,0,NA,0,0,0,0,0,1,NA,NA,0,0,0
"13862",18045766,0,0,0,0,0,0,NA,0,0,0,0,0,1,NA,NA,0,0,0
"13876",621762846,0,0,0,0,0,0,NA,0,0,0,0,0,1,NA,NA,0,0,0
"13880",733158040,0,0,0,0,0,0,NA,0,0,0,0,0,1,NA,NA,0,0,0
"13938",692281337,0,0,0,0,0,0,NA,0,0,0,0,0,1,NA,NA,0,0,0
"14114",958401941,0,0,0,0,0,0,NA,0,0,0,0,0,1,NA,NA,0,0,0
"14205",754347322,0,0,0,0,0,0,NA,0,0,0,0,0,1,NA,NA,0,0,0
"14215",661067926,0,0,0,0,0,0,NA,0,0,0,0,0,1,NA,NA,0,0,0
"14264",84530273,0,0,0,0,0,0,NA,0,0,0,0,0,1,NA,NA,0,0,0
"14360",149631129,0,0,0,0,0,0,NA,0,0,0,0,0,1,NA,NA,0,0,0
"14402",534845377,0,0,0,0,0,0,NA,0,0,0,0,0,1,NA,NA,0,0,0
"14411",731473179,0,0,0,0,0,0,NA,0,0,0,0,0,1,NA,NA,0,0,0
"14452",575203724,0,0,0,0,0,0,NA,0,0,0,0,0,1,NA,NA,0,0,0
"14553",76348166,0,0,0,0,0,0,NA,0,0,0,0,0,1,NA,NA,0,0,0
"14574",17854033,0,0,0,0,0,0,NA,0,0,0,0,0,1,NA,NA,0,0,0
"14595",237816211,0,0,0,0,0,0,NA,0,0,0,0,0,1,NA,NA,0,0,0
"14596",738120720,0,0,0,0,0,0,NA,0,0,0,0,0,1,NA,NA,0,0,0
"14598",131442377,0,0,0,0,0,0,NA,0,0,0,0,0,1,NA,NA,0,0,0
"14637",182542903,0,0,0,0,0,0,NA,0,0,0,0,0,1,NA,NA,0,0,0
"14663",838383140,0,0,0,0,0,0,NA,0,0,0,0,0,1,NA,NA,0,0,0
"14671",126994407,0,0,0,0,0,0,NA,0,0,0,0,0,1,NA,NA,0,0,0
"14683",758013827,0,0,0,0,0,0,NA,0,0,0,0,0,1,NA,NA,0,0,0
"14723",654773187,0,0,0,0,0,0,NA,0,0,0,0,0,1,NA,NA,0,0,0
"14760",824269650,0,0,0,0,0,0,NA,0,0,0,0,0,1,NA,NA,0,0,0
"14774",692419439,0,0,0,0,0,0,NA,0,0,0,0,0,1,NA,NA,0,0,0
"14804",526178702,0,0,0,0,0,0,NA,0,0,0,0,0,1,NA,NA,0,0,0
"14831",714394304,0,0,0,0,0,0,NA,0,0,0,0,0,1,NA,NA,0,0,0
"14987",840991741,0,0,0,0,0,0,NA,0,0,0,0,0,1,NA,NA,0,0,0
"15042",897435103,0,0,0,0,0,0,NA,0,0,0,0,0,1,NA,NA,0,0,0
"15060",373104347,0,0,0,0,0,0,NA,0,0,0,0,0,1,NA,NA,0,0,0
"15067",431093712,0,0,0,0,0,0,NA,0,0,0,0,0,1,NA,NA,0,0,0
"15122",130726109,0,0,0,0,0,0,NA,0,0,0,0,0,1,NA,NA,0,0,1
"15129",14088275,0,0,0,0,0,0,NA,0,0,0,0,0,1,NA,NA,0,0,0
"15131",202160055,0,0,0,0,0,0,NA,0,0,0,0,0,1,NA,NA,0,0,0
"15136",477683255,0,0,0,0,0,0,NA,0,0,0,0,0,1,NA,NA,0,0,0
"15159",34856375,0,0,0,0,0,0,NA,0,0,0,0,0,1,NA,NA,0,0,0
"15295",11770391,0,0,0,0,0,0,NA,0,0,0,0,0,1,NA,NA,0,0,0
"15319",212615841,0,0,0,0,0,0,NA,0,0,0,0,0,1,NA,NA,0,0,0
"15336",864596822,0,0,0,0,0,0,NA,0,0,0,0,0,1,NA,NA,0,0,0
"15351",801246388,0,0,0,0,0,0,NA,0,0,0,0,0,1,NA,NA,0,0,0
"15410",714846147,0,0,0,0,0,0,NA,0,0,0,0,0,1,NA,NA,0,0,0
"15521",283925440,0,0,0,0,0,0,NA,0,0,0,0,0,1,NA,NA,0,0,0
"15619",346720704,0,0,0,0,0,0,NA,0,0,0,0,0,1,NA,NA,0,0,0
"15718",277436780,0,0,0,0,0,0,NA,0,0,0,0,0,1,NA,NA,0,0,0
"15734",195011360,0,0,0,0,0,0,NA,0,0,0,0,0,1,NA,NA,0,0,0
"15787",42046989,0,0,0,0,0,0,NA,0,0,0,0,0,1,NA,NA,0,0,0
"15796",530925095,0,0,0,0,0,0,NA,0,0,0,0,0,1,NA,NA,0,0,0
"15807",872179571,0,0,0,0,0,0,NA,0,0,0,0,0,1,NA,NA,0,0,0
"15920",71692162,0,0,0,0,0,0,NA,0,0,0,0,0,1,NA,NA,0,0,0
"15963",707978764,0,0,0,0,0,0,NA,0,0,0,0,0,1,NA,NA,0,0,0
"15965",848322493,0,0,0,0,0,0,NA,0,0,0,0,0,1,NA,NA,0,0,0
"16039",677357049,0,0,0,0,0,0,NA,0,0,0,0,0,1,NA,NA,0,0,0
"16049",479741160,0,0,0,0,0,0,NA,0,0,0,0,0,1,NA,NA,0,0,0
"16061",622400405,0,0,0,0,0,0,NA,0,0,0,0,0,1,NA,NA,0,0,0
"16079",729605026,0,0,0,0,0,0,NA,0,0,0,0,0,1,NA,NA,0,0,0
"16091",878918460,0,0,0,0,0,0,NA,0,0,0,0,0,1,NA,NA,0,0,0
"16123",345629560,0,0,0,0,0,0,NA,0,0,0,0,0,1,NA,NA,0,0,0
"16274",97306630,0,0,0,0,0,0,NA,0,0,0,0,0,1,NA,NA,0,0,0
"16276",805631475,0,0,0,0,0,0,NA,0,0,0,0,0,1,NA,NA,0,0,0
"16358",642765150,0,0,0,0,0,0,NA,0,0,0,0,0,1,NA,NA,0,0,0
"16390",451303811,0,0,0,0,0,0,NA,0,0,0,0,0,1,NA,NA,0,0,0
"16402",121057042,0,0,0,0,0,0,NA,0,0,0,0,0,1,NA,NA,0,0,0
"16452",185612643,0,0,0,0,0,0,NA,0,0,0,0,0,1,NA,NA,0,0,0
"16461",948143893,0,0,0,0,0,0,NA,0,0,0,0,0,1,NA,NA,0,0,0
"16476",979239316,0,0,0,0,0,0,NA,0,0,0,0,0,1,NA,NA,0,0,0
"16488",960656700,0,0,0,0,0,0,NA,0,0,0,0,0,1,NA,NA,0,0,0
"16561",121798487,0,0,0,0,0,0,NA,0,0,0,0,0,1,NA,NA,0,0,0
"16608",471185718,0,0,0,0,0,0,NA,0,0,0,0,0,1,NA,NA,0,0,0
"16643",18680127,0,0,0,0,0,0,NA,0,0,0,0,0,1,NA,NA,0,0,0
"16655",398567611,0,0,0,0,0,0,NA,0,0,0,0,0,1,NA,NA,0,0,0
"16669",815825599,0,0,0,0,0,0,NA,0,0,0,0,0,1,NA,NA,0,0,0
"16670",975246040,0,0,0,0,0,0,NA,0,0,0,0,0,1,NA,NA,0,0,0
"16687",589638660,0,0,0,0,0,0,NA,0,0,0,0,0,1,NA,NA,0,0,0
"16693",242905458,0,0,0,0,0,0,NA,0,0,0,0,0,1,NA,NA,0,0,0
"16704",103792465,0,0,0,0,0,0,NA,0,0,0,0,0,1,NA,NA,0,0,0
"16769",39115712,0,0,0,0,0,0,NA,0,0,0,0,0,1,NA,NA,0,0,0
"16787",310591297,0,0,0,0,0,0,NA,0,0,0,0,0,1,NA,NA,0,0,0
"16833",862992247,0,0,0,0,0,0,NA,0,0,0,0,0,1,NA,NA,0,0,0
"16846",569982637,0,0,0,0,0,0,NA,0,0,0,0,0,1,NA,NA,0,0,0
"16873",840086142,0,0,0,0,0,0,NA,0,0,0,0,0,1,NA,NA,0,0,0
"16882",600085582,0,0,0,0,0,0,NA,0,0,0,0,0,1,NA,NA,0,0,0
"16919",360251556,0,0,0,0,0,0,NA,0,0,0,0,0,1,NA,NA,0,0,0
"16981",228214821,0,0,0,0,0,0,NA,0,0,0,0,0,1,NA,NA,0,0,0
"17058",324045442,0,0,0,0,0,0,NA,0,0,0,0,0,1,NA,NA,0,0,0
"17085",657181916,0,0,0,0,0,0,NA,0,0,0,0,0,1,NA,NA,0,0,0
"17090",42316515,0,0,0,0,0,0,NA,0,0,0,0,0,1,NA,NA,0,0,0
"17154",546543449,0,0,0,0,0,0,NA,0,0,0,0,0,1,NA,NA,0,0,0
"17170",637497615,0,0,0,0,0,0,NA,0,0,0,0,0,1,NA,NA,0,0,0
"17285",62686904,0,0,0,0,0,0,NA,0,0,0,0,0,1,NA,NA,0,0,0
"17383",859491486,0,0,0,0,0,0,NA,0,0,0,0,0,1,NA,NA,0,0,0
"17424",881765382,0,0,0,0,0,0,NA,0,0,0,0,0,1,NA,NA,0,0,0
"17480",746205462,0,0,0,0,0,0,NA,0,0,0,0,0,1,NA,NA,0,0,0
"17526",957008403,0,0,0,0,0,0,NA,0,0,0,0,0,1,NA,NA,0,0,0
"17553",918338351,0,0,0,0,0,0,NA,0,0,0,0,0,1,NA,NA,0,0,0
"17599",427349579,0,0,0,0,0,0,NA,0,0,0,0,0,1,NA,NA,0,0,0
"17602",665164864,0,0,0,0,0,0,NA,0,0,0,0,0,1,NA,NA,0,0,0
"17603",109338963,0,0,0,0,0,0,NA,0,0,0,0,0,1,NA,NA,0,0,0
"17645",671757214,0,0,0,0,0,0,NA,0,0,0,0,0,1,NA,NA,0,0,0
"17655",312515090,0,0,0,0,0,0,NA,0,0,0,0,0,1,NA,NA,0,0,0
"17664",796162404,0,0,0,0,0,0,NA,0,0,0,0,0,1,NA,NA,0,0,0
"17678",613853603,0,0,0,0,0,0,NA,0,0,0,0,0,1,NA,NA,0,0,0
"17714",441106365,0,0,0,0,0,0,NA,0,0,0,0,0,1,NA,NA,0,0,0
"17794",846492155,0,0,0,0,0,0,NA,0,0,0,0,0,1,NA,NA,0,0,0
"17804",259664649,0,0,0,0,0,0,NA,0,0,0,0,0,1,NA,NA,0,0,0
"17834",404543089,0,0,0,0,0,0,NA,0,0,0,0,0,1,NA,NA,0,0,1
"17953",523479924,0,0,0,0,0,0,NA,0,0,0,0,0,1,NA,NA,0,0,0
"17969",563428913,0,0,0,0,0,0,NA,0,0,0,0,0,1,NA,NA,0,0,0
"17983",33590286,0,0,0,0,0,0,NA,0,0,0,0,0,1,NA,NA,0,0,0
"18056",278408210,0,0,0,0,0,0,NA,0,0,0,0,0,1,NA,NA,0,0,0
"18082",732799487,0,0,0,0,0,0,NA,0,0,0,0,0,1,NA,NA,0,0,0
"18107",212917024,0,0,0,0,0,0,NA,0,0,0,0,0,1,NA,NA,0,0,0
"18201",116869752,0,0,0,0,0,0,NA,0,0,0,0,0,1,NA,NA,0,0,0
"18303",164950738,0,0,0,0,0,0,NA,0,0,0,0,0,1,NA,NA,0,0,0
"18304",959046498,0,0,0,0,0,0,NA,0,0,0,0,0,1,NA,NA,0,0,0
"18319",411397692,0,0,0,0,0,0,NA,0,0,0,0,0,1,NA,NA,0,0,0
"18334",746044170,0,0,0,0,0,0,NA,0,0,0,0,0,1,NA,NA,0,0,1
"18421",116834241,0,0,0,0,0,0,NA,0,0,0,0,0,1,NA,NA,0,0,0
"18450",762461032,0,0,0,0,0,0,NA,0,0,0,0,0,1,NA,NA,0,0,0
"18462",427895337,0,0,0,0,0,0,NA,0,0,0,0,0,1,NA,NA,0,0,0
"18480",121800561,0,0,0,0,0,0,NA,0,0,0,0,0,1,NA,NA,0,0,0
"18488",183423656,0,0,0,0,0,0,NA,0,0,0,0,0,1,NA,NA,0,0,0
"18585",324750067,0,0,0,0,0,0,NA,0,0,0,0,0,1,NA,NA,0,0,0
"18629",307399650,0,0,0,0,0,0,NA,0,0,0,0,0,1,NA,NA,0,0,0
"18678",707474775,0,0,0,0,0,0,NA,0,0,0,0,0,1,NA,NA,0,0,0
"18714",2147690,0,0,0,0,0,0,NA,0,0,0,0,0,1,NA,NA,0,0,0
"18735",131332157,0,0,0,0,0,0,NA,0,0,0,0,0,1,NA,NA,0,0,0
"18760",77569938,0,0,0,0,0,0,NA,0,0,0,0,0,1,NA,NA,0,0,0
"18822",727793157,0,0,0,0,0,0,NA,0,0,0,0,0,1,NA,NA,0,0,0
"18927",972089956,0,0,0,0,0,0,NA,0,0,0,0,0,1,NA,NA,0,0,0
"18968",745899558,0,0,0,0,0,0,NA,0,0,0,0,0,1,NA,NA,0,0,0
"19051",89572861,0,0,0,0,0,0,NA,0,0,0,0,0,1,NA,NA,0,0,0
"19134",776489320,0,0,0,0,0,0,NA,0,0,0,0,0,1,NA,NA,0,0,0
"19304",40016457,0,0,0,0,0,0,NA,0,0,0,0,0,1,NA,NA,0,0,0
"19417",90808617,0,0,0,0,0,0,NA,0,0,0,0,0,1,NA,NA,0,0,0
"19600",644402269,0,0,0,0,0,0,NA,0,0,0,0,0,1,NA,NA,0,0,0
"19624",647592725,0,0,0,0,0,0,NA,0,0,0,0,0,1,NA,NA,0,0,0
"19627",378352624,0,0,0,0,0,0,NA,0,0,0,0,0,1,NA,NA,0,0,0
"19628",657561420,0,0,0,0,0,0,NA,0,0,0,0,0,1,NA,NA,0,0,0
"19637",565149729,0,0,0,0,0,0,NA,0,0,0,0,0,1,NA,NA,0,0,0
"19649",981318576,0,0,0,0,0,0,NA,0,0,0,0,0,1,NA,NA,0,0,0
"19722",847464350,0,0,0,0,0,0,NA,0,0,0,0,0,1,NA,NA,0,0,0
"19810",808328507,0,0,0,0,0,0,NA,0,0,0,0,0,1,NA,NA,0,0,0
"19861",729723979,0,0,0,0,0,0,NA,0,0,0,0,0,1,NA,NA,0,0,0
"19959",939058656,0,0,0,0,0,0,NA,0,0,0,0,0,1,NA,NA,0,0,0
"19976",592220228,0,0,0,0,0,0,NA,0,0,0,0,0,1,NA,NA,0,0,0
"19987",191568342,0,0,0,0,0,0,NA,0,0,0,0,0,1,NA,NA,0,0,0
"19990",260054189,0,0,0,0,0,0,NA,0,0,0,0,0,1,NA,NA,0,0,1
"19991",235087386,0,0,0,0,0,0,NA,0,0,0,0,0,1,NA,NA,0,0,0
"20452",702614866,0,0,0,0,0,0,NA,0,0,0,0,1,2,NA,NA,0,0,0
"21060",218714058,0,0,0,0,0,0,NA,0,0,0,0,1,3,NA,NA,0,0,0
"21325",736663178,0,0,0,0,0,0,NA,0,0,0,0,1,2,NA,NA,0,0,0
"22198",662119715,0,0,0,0,0,0,NA,0,0,0,0,1,3,NA,NA,0,0,0
"22743",556368087,0,0,0,0,0,0,NA,0,0,0,0,1,3,NA,NA,0,0,0
"22971",760367479,0,0,0,0,0,0,NA,0,0,0,0,1,2,NA,NA,0,0,0
"23084",829283946,0,0,0,0,0,0,NA,0,0,0,0,0,1,NA,NA,0,0,0
"23110",415232032,0,0,0,0,0,0,NA,0,0,0,0,1,2,NA,NA,0,0,1
"23911",874783934,0,0,0,0,0,0,NA,0,0,0,0,1,3,NA,NA,0,0,0
"24230",117453172,0,0,0,0,0,0,NA,0,0,0,0,0,1,NA,NA,0,0,1
"25159",874294252,0,0,0,0,0,0,NA,0,0,0,0,2,3,NA,NA,0,0,0
"25803",343704509,0,0,0,0,0,0,NA,0,0,0,0,1,2,NA,NA,0,0,0
"25849",470164270,0,0,0,0,0,0,NA,0,0,0,0,1,2,NA,NA,0,0,0
"26078",166911794,0,0,0,0,0,0,NA,0,0,0,0,1,2,NA,NA,0,0,0
"26103",4287141,0,0,0,0,0,0,NA,0,0,0,0,2,4,NA,NA,0,0,0
"28168",427587624,0,0,0,0,0,0,NA,0,0,0,0,1,3,NA,NA,0,0,0
"28192",773993075,0,0,0,0,0,0,NA,0,0,0,0,1,1,NA,NA,0,0,0
"28513",780094408,0,0,0,0,0,0,NA,0,0,0,0,2,3,NA,NA,0,0,0
"28674",609912804,0,0,0,0,0,0,NA,0,0,0,0,0,3,NA,NA,0,0,0
"28833",691808613,0,0,0,0,0,0,NA,0,0,0,0,2,4,NA,NA,0,0,0
"29072",186583338,0,0,0,0,0,0,NA,0,0,0,0,2,4,NA,NA,0,0,0
"40745",626657043,0,0,0,0,0,0,NA,0,0,0,0,2,3,NA,NA,0,0,0
"42033",241072102,0,0,0,0,0,0,NA,0,0,0,0,1,2,NA,NA,0,0,0
"42236",413752978,0,0,0,0,0,0,NA,0,0,0,0,1,1,NA,NA,0,0,0
"42674",51310669,0,0,0,0,0,0,NA,0,0,0,0,2,2,NA,NA,0,0,1
"42957",263952556,0,0,0,0,0,0,NA,0,0,0,0,2,3,NA,NA,0,0,0
"43534",818409028,0,0,0,0,0,0,NA,0,0,0,0,0,1,NA,NA,0,0,0
"43674",363282014,0,0,0,0,0,0,NA,0,0,0,0,1,2,NA,NA,0,0,0
"43859",897195362,0,0,0,0,0,0,NA,0,0,0,0,0,1,NA,NA,0,0,0
"44508",389294717,0,0,0,0,0,0,NA,0,0,0,0,1,2,NA,NA,0,0,0
"44650",313402761,0,0,0,0,0,0,NA,0,0,0,0,1,2,NA,NA,0,0,0
"44708",268999172,0,0,0,0,0,0,NA,0,0,0,0,2,3,NA,NA,0,0,0
"44930",87199412,0,0,0,0,0,0,NA,0,0,0,0,1,2,NA,NA,0,0,0
"45737",926395581,0,0,0,0,0,0,NA,0,0,0,0,1,2,NA,NA,0,0,0
"46199",253104378,0,0,0,0,0,0,NA,0,0,0,0,1,3,NA,NA,0,0,0
"46340",557891345,0,0,0,0,0,0,NA,0,0,0,0,2,4,NA,NA,0,0,0
"46420",349780715,0,0,0,0,0,0,NA,0,0,0,0,2,2,NA,NA,0,0,0
"46490",258978659,0,0,0,0,0,0,NA,0,0,0,0,2,3,NA,NA,0,0,0
"49932",141277353,0,0,0,0,0,0,NA,0,0,0,0,2,4,NA,NA,0,0,0
"52027",376991101,0,0,0,0,0,0,NA,0,0,0,0,2,5,NA,NA,0,0,0
"52883",551210649,0,0,0,0,0,0,NA,0,0,0,0,1,2,NA,NA,0,0,0
"66596",12305085,0,0,0,0,0,0,NA,NA,0,0,0,0,0,0,0,0,0,0
"66597",271803904,0,0,0,0,0,0,NA,0,0,0,0,0,0,0,0,0,0,0
"66598",395656978,0,0,0,0,0,0,NA,0,0,0,0,0,0,0,0,0,0,0
"66599",644224561,0,0,0,0,0,0,NA,0,0,0,0,0,0,0,0,0,0,0
"66600",564540428,0,0,0,0,0,0,NA,0,0,0,0,0,0,0,0,0,0,0
"66601",924423440,0,0,0,0,0,0,NA,0,0,0,0,0,0,0,0,0,0,0
"66602",366909770,0,0,0,0,0,0,NA,0,0,0,0,0,0,0,0,0,0,0
"66603",174987811,0,0,0,0,0,0,NA,0,0,0,0,0,0,0,0,0,0,0
"66604",537059402,0,0,0,0,0,0,NA,0,0,0,0,0,0,0,0,0,0,0
"66605",704954654,0,0,0,0,0,0,NA,0,0,0,0,0,0,0,0,0,0,0
"66606",315997697,0,0,0,0,0,0,NA,0,0,0,0,0,0,0,0,0,0,0
"66607",733776539,0,0,0,0,0,0,NA,0,0,0,0,0,0,0,0,0,0,0
"66608",85539863,0,0,0,0,0,0,NA,0,0,0,0,0,0,0,0,0,0,0
"66609",386015114,0,0,0,0,0,0,NA,0,0,0,0,0,0,0,0,0,0,0
"66610",262824458,0,0,0,0,0,0,NA,0,0,0,0,0,0,0,0,0,0,0
"66611",520470816,0,0,0,0,0,0,NA,0,0,0,0,0,0,0,0,0,0,0
"66612",816974942,0,0,0,0,0,0,NA,0,0,0,0,0,0,0,0,0,0,0
"66613",517286265,0,0,0,0,0,0,NA,0,0,0,0,0,0,0,0,0,0,0
"66614",844022636,0,0,0,0,0,0,NA,0,0,0,0,0,0,0,0,0,0,0
"66615",774235246,0,0,0,0,0,0,NA,0,0,0,0,0,0,0,0,0,0,0
"66616",312513972,0,0,0,0,0,0,NA,0,0,0,0,0,0,0,0,0,0,0
"66617",882540388,0,0,0,0,0,0,NA,0,0,0,0,0,0,0,0,0,0,0
"66618",879635970,0,0,0,0,0,0,NA,0,0,0,0,0,0,0,0,0,0,0
"66619",158898358,0,0,0,0,0,0,NA,0,0,0,0,0,0,0,0,0,0,0
"66620",714863389,0,0,0,0,0,0,NA,0,0,0,0,0,0,0,0,0,0,1
"66621",950341438,0,0,0,0,0,0,NA,0,0,0,0,0,0,0,0,0,0,0
"66622",115370284,0,0,0,0,0,0,NA,0,0,0,0,0,0,0,0,0,0,1
"66623",122113495,0,0,0,0,0,0,NA,0,0,0,0,0,0,0,0,0,0,0
"66624",533020761,0,0,0,0,0,0,NA,0,0,0,0,0,0,0,0,0,0,0
"66625",380636746,0,0,0,0,0,0,NA,0,0,0,0,0,0,0,0,0,0,0
"66626",487391353,0,0,0,0,0,0,NA,0,0,0,0,0,0,0,0,0,0,0
"66627",379952819,0,0,0,0,0,0,NA,0,0,0,0,0,0,0,0,0,0,0
"66628",967105467,0,0,0,0,0,0,NA,0,0,0,0,0,0,0,0,0,0,0
"66629",661550266,0,0,0,0,0,0,NA,0,0,0,0,0,0,0,0,0,0,0
"66630",336179234,0,0,0,0,0,0,NA,0,0,0,0,0,0,0,0,0,0,0
"66631",849950042,0,0,0,0,0,0,NA,0,0,0,0,0,0,0,0,0,0,0
"66632",732771810,0,0,0,0,0,0,NA,0,0,0,0,0,0,0,0,0,0,0
"66633",156863132,0,0,0,0,0,0,NA,0,0,0,0,0,0,0,0,0,0,0
"66634",730172980,0,0,0,0,0,0,NA,0,0,0,0,0,0,0,0,0,0,0
"66635",695853066,0,0,0,0,0,0,NA,0,0,0,0,0,0,0,0,0,0,0
"66636",686222806,0,0,0,0,0,0,NA,0,0,0,0,0,0,0,0,0,0,0
"66637",642949830,0,0,0,0,0,0,NA,0,0,0,0,0,0,0,0,0,0,1
"66638",462298013,0,0,0,0,0,0,NA,0,0,0,0,0,0,0,0,0,0,0
"66639",370041184,0,0,0,0,0,0,NA,0,0,0,0,0,0,0,0,0,0,0
"66640",944050795,0,0,0,0,0,0,NA,0,0,0,0,0,0,0,0,0,0,0
"66641",5169702,0,0,0,0,0,0,NA,0,0,0,0,0,0,0,0,0,0,0
"66642",773950215,0,0,0,0,0,0,NA,0,0,0,0,0,0,0,0,0,0,0
"66643",2352655,0,0,0,0,0,0,NA,0,0,0,0,0,0,0,0,0,0,0
"66644",562493198,0,0,0,0,0,0,NA,0,0,0,0,0,0,0,0,0,0,0
"66645",450841096,0,0,0,0,0,0,NA,0,0,0,0,0,0,0,0,0,0,0
"66646",111306172,0,0,0,0,0,0,NA,0,0,0,0,0,0,0,0,0,0,0
"66647",660730040,0,0,0,0,0,0,NA,0,0,0,0,0,0,0,0,0,0,0
"66648",43236600,0,0,0,0,0,0,NA,0,0,0,0,0,0,0,0,0,0,0
"66649",956855551,0,0,0,0,0,0,NA,0,0,0,0,0,0,0,0,0,0,0
"66650",55381495,0,0,0,0,0,0,NA,0,0,0,0,0,0,0,0,0,0,1
"66651",217077227,0,0,0,0,0,0,NA,0,0,0,0,0,0,0,0,0,0,0
"66652",35715536,0,0,0,0,0,0,NA,0,0,0,0,0,0,0,0,0,0,0
"66653",837990112,0,0,0,0,0,0,NA,0,0,0,0,0,0,0,0,0,0,0
"66654",393113608,0,0,0,0,0,0,NA,0,0,0,0,0,0,0,0,0,0,0
"66655",625428742,0,0,0,0,0,0,NA,0,0,0,0,0,0,0,0,0,0,1
"66656",215197156,0,0,0,0,0,0,NA,0,0,0,0,0,0,0,0,0,0,0
"66657",344620331,0,0,0,0,0,0,NA,0,0,0,0,0,0,0,0,0,0,0
"66658",208673469,0,0,0,0,0,0,NA,0,0,0,0,0,0,0,0,0,0,0
"66659",801709064,0,0,0,0,0,0,NA,0,0,0,0,0,0,0,0,0,0,0
"66660",575224680,0,0,0,0,0,0,NA,0,0,0,0,0,0,0,0,0,0,0
"66661",419604494,0,0,0,0,0,0,NA,0,0,0,0,0,0,0,0,0,0,0
"66662",742170413,0,0,0,0,0,0,NA,0,0,0,0,0,0,0,0,0,0,0
"66663",330841616,0,0,0,0,0,0,NA,0,0,0,0,0,0,0,0,0,0,0
"66664",558597244,0,0,0,0,0,0,NA,0,0,0,0,0,0,0,0,0,0,0
"66665",406770341,0,0,0,0,0,0,NA,0,0,0,0,0,0,0,0,0,0,0
"66666",560104449,0,0,0,0,0,0,NA,0,0,0,0,0,0,0,0,0,0,1
"66667",243985998,0,0,0,0,0,0,NA,0,0,0,0,0,0,0,0,0,0,0
"66668",299151581,0,0,0,0,0,0,NA,0,0,0,0,0,0,0,0,0,0,0
"66669",512725804,0,0,0,0,0,0,NA,0,0,0,0,0,0,0,0,0,0,0
"66670",466196790,0,0,0,0,0,0,NA,0,0,0,0,0,0,0,0,0,0,0
"66671",6855513,0,0,0,0,0,0,NA,0,0,0,0,0,0,0,0,0,0,0
"66672",440666038,0,0,0,0,0,0,NA,0,0,0,0,0,0,0,0,0,0,1
"66673",594220327,0,0,0,0,0,0,NA,0,0,0,0,0,0,0,0,0,0,0
"66674",94656140,0,0,0,0,0,0,NA,0,0,0,0,0,0,0,0,0,0,0
"66675",74165261,0,0,0,0,0,0,NA,0,0,0,0,0,0,0,0,0,0,0
"66676",781328407,0,0,0,0,0,0,NA,0,0,0,0,0,0,0,0,0,0,0
"66677",144078127,0,0,0,0,0,0,NA,0,0,0,0,0,0,0,0,0,0,0
"66678",879243048,0,0,0,0,0,0,NA,0,0,0,0,0,0,0,0,0,0,0
"66679",861118466,0,0,0,0,0,0,NA,0,0,0,0,0,0,0,0,0,0,0
"66680",937166593,0,0,0,0,0,0,NA,0,0,0,0,0,0,0,0,0,0,0
"66681",49957811,0,0,0,0,0,0,NA,0,0,0,0,0,0,0,0,0,0,0
"66682",449969900,0,0,0,0,0,0,NA,0,0,0,0,0,0,0,0,0,0,0
"66683",137411493,0,0,0,0,0,0,NA,0,0,0,0,0,0,0,0,0,0,0
"66684",699599317,0,0,0,0,0,0,NA,0,0,0,0,0,0,0,0,0,0,1
"66685",476916542,0,0,0,0,0,0,NA,0,0,0,0,0,0,0,0,0,0,0
"66686",62178377,0,0,0,0,0,0,NA,0,0,0,0,0,0,0,0,0,0,0
"66687",831030263,0,0,0,0,0,0,NA,0,0,0,0,0,0,0,0,0,0,1
"66688",123594725,0,0,0,0,0,0,NA,0,0,0,0,0,0,0,0,0,0,0
"66689",613218432,0,0,0,0,0,0,NA,0,0,0,0,0,0,0,0,0,0,0
"66690",914650484,0,0,0,0,0,0,NA,0,0,0,0,0,0,0,0,0,0,0
"66691",276174850,0,0,0,0,0,0,NA,0,0,0,0,0,0,0,0,0,0,0
"66692",609238306,0,0,0,0,0,0,NA,0,0,0,0,0,0,0,0,0,0,0
"66693",885529434,0,0,0,0,0,0,NA,0,0,0,0,0,0,0,0,0,0,0
"66694",854921384,0,0,0,0,0,0,NA,0,0,0,0,0,0,0,0,0,0,0
"66695",826143112,0,0,0,0,0,0,NA,0,0,0,0,0,0,0,0,0,0,0
"66696",232138644,0,0,0,0,0,0,NA,0,0,0,0,0,0,0,0,0,0,0
"66697",772802888,0,0,0,0,0,0,NA,0,0,0,0,0,0,0,0,0,0,0
"66698",757283901,0,0,0,0,0,0,NA,0,0,0,0,0,0,0,0,0,0,0
"66699",104020512,0,0,0,0,0,0,NA,0,0,0,0,0,0,0,0,0,0,0
"66700",730788257,0,0,0,0,0,0,NA,0,0,0,0,0,0,0,0,0,0,0
"66701",875132343,0,0,0,0,0,0,NA,0,0,0,0,0,0,0,0,0,0,0
"66702",702379504,0,0,0,0,0,0,NA,0,0,0,0,0,0,0,0,0,0,0
"66703",908311977,0,0,0,0,0,0,NA,0,0,0,0,0,0,0,0,0,0,0
"66704",844550685,0,0,0,0,0,0,NA,0,0,0,0,0,0,0,0,0,0,0
"66705",675160012,0,0,0,0,0,0,NA,0,0,0,0,0,0,0,0,0,0,0
"66706",439349083,0,0,0,0,0,0,NA,0,0,0,0,0,0,0,0,0,0,0
"66707",196982381,0,0,0,0,0,0,NA,0,0,0,0,0,0,0,0,0,0,0
"66708",661036281,0,0,0,0,0,0,NA,0,0,0,0,0,0,0,0,0,0,0
"66709",810896817,0,0,0,0,0,0,NA,0,0,0,0,0,0,0,0,0,0,0
"66710",562026016,0,0,0,0,0,0,NA,0,0,0,0,0,0,0,0,0,0,0
"66711",884462343,0,0,0,0,0,0,NA,0,0,0,0,0,0,0,0,0,0,0
"66712",475480765,0,0,0,0,0,0,NA,0,0,0,0,0,0,0,0,0,0,0
"66713",298123363,0,0,0,0,0,0,NA,0,0,0,0,0,0,0,0,0,0,0
"66714",656888422,0,0,0,0,0,0,NA,0,0,0,0,0,0,0,0,0,0,0
"66715",288146274,0,0,0,0,0,0,NA,0,0,0,0,0,0,0,0,0,0,0
"66716",645527236,0,0,0,0,0,0,NA,0,0,0,0,0,0,0,0,0,0,0
"66717",793014582,0,0,0,0,0,0,NA,0,0,0,0,0,0,0,0,0,0,0
"66718",912804714,0,0,0,0,0,0,NA,0,0,0,0,0,0,0,0,0,0,0
"66719",451041776,0,0,0,0,0,0,NA,0,0,0,0,0,0,0,0,0,0,0
"66720",623795315,0,0,0,0,0,0,NA,0,0,0,0,0,0,0,0,0,0,0
"66721",944079081,0,0,0,0,0,0,NA,0,0,0,0,0,0,0,0,0,0,0
"66722",532758440,0,0,0,0,0,0,NA,0,0,0,0,0,0,0,0,0,0,0
"66723",418395029,0,0,0,0,0,0,NA,0,0,0,0,0,0,0,0,0,0,0
"66724",342152800,0,0,0,0,0,0,NA,0,0,0,0,0,0,0,0,0,0,0
"66725",615692182,0,0,0,0,0,0,NA,0,0,0,0,0,0,0,0,0,0,0
"66726",49855691,0,0,0,0,0,0,NA,0,0,0,0,0,0,0,0,0,0,1
"66727",169807642,0,0,0,0,0,0,NA,0,0,0,0,0,0,0,0,0,0,0
"66728",358046779,0,0,0,0,0,0,NA,0,0,0,0,0,0,0,0,0,0,0
"66729",753660047,0,0,0,0,0,0,NA,0,0,0,0,0,0,0,0,0,0,0
"66730",283314758,0,0,0,0,0,0,NA,0,0,0,0,0,0,0,0,0,0,0
"66731",705162511,0,0,0,0,0,0,NA,0,0,0,0,0,0,0,0,0,0,0
"66732",515928762,0,0,0,0,0,0,NA,0,0,0,0,0,0,0,0,0,0,0
"66733",670881696,0,0,0,0,0,0,NA,0,0,0,0,0,0,0,0,0,0,0
"66734",110597154,0,0,0,0,0,0,NA,0,0,0,0,0,0,0,0,0,0,0
"66735",907838658,0,0,0,0,0,0,NA,0,0,0,0,0,0,0,0,0,0,0
"66736",705487352,0,0,0,0,0,0,NA,0,0,0,0,0,0,0,0,0,0,0
"66737",66339580,0,0,0,0,0,0,NA,0,0,0,0,0,0,0,0,0,0,0
"66738",177276815,0,0,0,0,0,0,NA,0,0,0,0,0,0,0,0,0,0,0
"66739",572246336,0,0,0,0,0,0,NA,0,0,0,0,0,0,0,0,0,0,0
"66740",507762847,0,0,0,0,0,0,NA,0,0,0,0,0,0,0,0,0,0,0
"66741",294084662,0,0,0,0,0,0,NA,0,0,0,0,0,0,0,0,0,0,0
"66742",796005243,0,0,0,0,0,0,NA,0,0,0,0,0,0,0,0,0,0,0
"66743",722155454,0,0,0,0,0,0,NA,0,0,0,0,0,0,0,0,0,0,0
"66744",842408037,0,0,0,0,0,0,NA,0,0,0,0,0,0,0,0,0,0,0
"66745",864551882,0,0,0,0,0,0,NA,0,0,0,0,0,0,0,0,0,0,0
"66746",535188173,0,0,0,0,0,0,NA,0,0,0,0,0,0,0,0,0,0,0
"66747",164502970,0,0,0,0,0,0,NA,0,0,0,0,0,0,0,0,0,0,0
"66748",13136972,0,0,0,0,0,0,NA,0,0,0,0,0,0,0,0,0,0,0
"66749",445918710,0,0,0,0,0,0,NA,0,0,0,0,0,0,0,0,0,0,0
"66750",991548211,0,0,0,0,0,0,NA,0,0,0,0,0,0,0,0,0,0,0
"66751",764511233,0,0,0,0,0,0,NA,0,0,0,0,0,0,0,0,0,0,0
"66752",937492367,0,0,0,0,0,0,NA,0,0,0,0,0,0,0,0,0,0,0
"66753",424715011,0,0,0,0,0,0,NA,0,0,0,0,0,0,0,0,0,0,0
"66754",380785399,0,0,0,0,0,0,NA,0,0,0,0,0,0,0,0,0,0,0
"66755",537457136,0,0,0,0,0,0,NA,0,0,0,0,0,0,0,0,0,0,0
"66756",934654660,0,0,0,0,0,0,NA,0,0,0,0,0,0,0,0,0,0,0
"66757",570364529,0,0,0,0,0,0,NA,0,0,0,0,0,0,0,0,0,0,1
"66758",388875514,0,0,0,0,0,0,NA,0,0,0,0,0,0,0,0,0,0,0
"66759",7279153,0,0,0,0,0,0,NA,0,0,0,0,0,0,0,0,0,0,0
"66760",57802540,0,0,0,0,0,0,NA,0,0,0,0,0,0,0,0,0,0,0
"66761",704139142,0,0,0,0,0,0,NA,0,0,0,0,0,0,0,0,0,0,0
"66762",159834116,0,0,0,0,0,0,NA,0,0,0,0,0,0,0,0,0,0,0
"66763",605762406,0,0,0,0,0,0,NA,0,0,0,0,0,0,0,0,0,0,0
"66764",40656137,0,0,0,0,0,0,NA,0,0,0,0,0,0,0,0,0,0,0
"66765",892382474,0,0,0,0,0,0,NA,0,0,0,0,0,0,0,0,0,0,0
"66766",415054324,0,0,0,0,0,0,NA,0,0,0,0,0,0,0,0,0,0,0
"66767",182254899,0,0,0,0,0,0,NA,0,0,0,0,0,0,0,0,0,0,0
"66768",23689426,0,0,0,0,0,0,NA,0,0,0,0,0,0,0,0,0,0,0
"66769",36591749,0,0,0,0,0,0,NA,0,0,0,0,0,0,0,0,0,0,0
"66770",162633959,0,0,0,0,0,0,NA,0,0,0,0,0,0,0,0,0,0,0
"66771",746631798,0,0,0,0,0,0,NA,0,0,0,0,0,0,0,0,0,0,0
"66772",336543671,0,0,0,0,0,0,NA,0,0,0,0,0,0,0,0,0,0,0
"66773",248449751,0,0,0,0,0,0,NA,0,0,0,0,0,0,0,0,0,0,0
"66774",137328342,0,0,0,0,0,0,NA,0,0,0,0,0,0,0,0,0,0,0
"66775",191214479,0,0,0,0,0,0,NA,0,0,0,0,0,0,0,0,0,0,0
"66776",655861906,0,0,0,0,0,0,NA,0,0,0,0,0,0,0,0,0,0,0
"66777",839576249,0,0,0,0,0,0,NA,0,0,0,0,0,0,0,0,0,0,1
"66778",742863241,0,0,0,0,0,0,NA,0,0,0,0,0,0,0,0,0,0,0
"66779",38315298,0,0,0,0,0,0,NA,0,0,0,0,0,0,0,0,0,0,0
"66780",475292414,0,0,0,0,0,0,NA,0,0,0,0,0,0,0,0,0,0,0
"66781",641535647,0,0,0,0,0,0,NA,0,0,0,0,0,0,0,0,0,0,0
"66782",264383459,0,0,0,0,0,0,NA,0,0,0,0,0,0,0,0,0,0,0
"66783",299748103,0,0,0,0,0,0,NA,0,0,0,0,0,0,0,0,0,0,0
"66784",53479740,0,0,0,0,0,0,NA,0,0,0,0,0,0,0,0,0,0,0
"66785",702428439,0,0,0,0,0,0,NA,0,0,0,0,0,0,0,0,0,0,0
"66786",471973666,0,0,0,0,0,0,NA,0,0,0,0,0,0,0,0,0,0,0
"66787",443640500,0,0,0,0,0,0,NA,0,0,0,0,0,0,0,0,0,0,0
"66788",236565224,0,0,0,0,0,0,NA,0,0,0,0,0,0,0,0,0,0,0
"66789",641722431,0,0,0,0,0,0,NA,0,0,0,0,0,0,0,0,0,0,0
"66790",94855109,0,0,0,0,0,0,NA,0,0,0,0,0,0,0,0,0,0,0
"66791",704483425,0,0,0,0,0,0,NA,0,0,0,0,0,0,0,0,0,0,0
"66792",652077325,0,0,0,0,0,0,NA,0,0,0,0,0,0,0,0,0,0,0
"66793",999370972,0,0,0,0,0,0,NA,0,0,0,0,0,0,0,0,0,0,0
"66794",891378699,0,0,0,0,0,0,NA,0,0,0,0,0,0,0,0,0,0,0
"66795",748212575,0,0,0,0,0,0,NA,0,0,0,0,0,0,0,0,0,0,0
"66796",128089493,0,0,0,0,0,0,NA,0,0,0,0,0,0,0,0,0,0,0
"66797",769933652,0,0,0,0,0,0,NA,0,0,0,0,0,0,0,0,0,0,1
"66798",108512674,0,0,0,0,0,0,NA,0,0,0,0,0,0,0,0,0,0,0
"66799",471481165,0,0,0,0,0,0,NA,0,0,0,0,0,0,0,0,0,0,0
"66800",825139284,0,0,0,0,0,0,NA,0,0,0,0,0,0,0,0,0,0,0
"66801",467941948,0,0,0,0,0,0,NA,0,0,0,0,0,0,0,0,0,0,0
"66802",284344454,0,0,0,0,0,0,NA,0,0,0,0,0,0,0,0,0,0,0
"66803",178094678,0,0,0,0,0,0,NA,0,0,0,0,0,0,0,0,0,0,1
"66804",262857333,0,0,0,0,0,0,NA,0,0,0,0,0,0,0,0,0,0,0
"66805",859001466,0,0,0,0,0,0,NA,0,0,0,0,0,0,0,0,0,0,0
"66806",359794985,0,0,0,0,0,0,NA,0,0,0,0,0,0,0,0,0,0,0
"66807",78462549,0,0,0,0,0,0,NA,0,0,0,0,0,0,0,0,0,0,0
"66808",518406172,0,0,0,0,0,0,NA,0,0,0,0,0,0,0,0,0,0,1
"66809",571088136,0,0,0,0,0,0,NA,0,0,0,0,0,0,0,0,0,0,0
"66810",648575126,0,0,0,0,0,0,NA,0,0,0,0,0,0,0,0,0,0,0
"66811",921932296,0,0,0,0,0,0,NA,0,0,0,0,0,0,0,0,0,0,0
"66812",12464184,0,0,0,0,0,0,NA,0,0,0,0,0,0,0,0,0,0,0
"66813",298390751,0,0,0,0,0,0,NA,0,0,0,0,0,0,0,0,0,0,1
"66814",367055025,0,0,0,0,0,0,NA,0,0,0,0,0,0,0,0,0,0,0
"66815",414949185,0,0,0,0,0,0,NA,0,0,0,0,0,0,0,0,0,0,1
"66816",719443335,0,0,0,0,0,0,NA,0,0,0,0,0,0,0,0,0,0,0
"66817",610993199,0,0,0,0,0,0,NA,0,0,0,0,0,0,0,0,0,0,0
"66818",514062691,0,0,0,0,0,0,NA,0,0,0,0,0,0,0,0,0,0,0
"66819",467067239,0,0,0,0,0,0,NA,0,0,0,0,0,0,0,0,0,0,0
"66820",499167742,0,0,0,0,0,0,NA,0,0,0,0,0,0,0,0,0,0,0
"66821",273453719,0,0,0,0,0,0,NA,0,0,0,0,0,0,0,0,0,0,0
"66822",723239147,0,0,0,0,0,0,NA,0,0,0,0,0,0,0,0,0,0,0
"66823",512488710,0,0,0,0,0,0,NA,0,0,0,0,0,0,0,0,0,0,0
"66824",566431081,0,0,0,0,0,0,NA,0,0,0,0,0,0,0,0,0,0,1
"66825",458198598,0,0,0,0,0,0,NA,0,0,0,0,0,0,0,0,0,0,0
"66826",126886689,0,0,0,0,0,0,NA,0,0,0,0,0,0,0,0,0,0,0
"66827",734498524,0,0,0,0,0,0,NA,0,0,0,0,0,0,0,0,0,0,0
"66828",418282537,0,0,0,0,0,0,NA,0,0,0,0,0,0,0,0,0,0,0
"66829",588615054,0,0,0,0,0,0,NA,0,0,0,0,0,0,0,0,0,0,0
"66830",546192257,0,0,0,0,0,0,NA,0,0,0,0,0,0,0,0,0,0,0
"66831",469001749,0,0,0,0,0,0,NA,0,0,0,0,0,0,0,0,0,0,1
"66832",602526790,0,0,0,0,0,0,NA,0,0,0,0,0,0,0,0,0,0,0
"66833",159099750,0,0,0,0,0,0,NA,0,0,0,0,0,0,0,0,0,0,0
"66834",848630406,0,0,0,0,0,0,NA,0,0,0,0,0,0,0,0,0,0,0
"66835",564811387,0,0,0,0,0,0,NA,0,0,0,0,0,0,0,0,0,0,0
"66836",487615862,0,0,0,0,0,0,NA,0,0,0,0,0,0,0,0,0,0,1
"66837",435238482,0,0,0,0,0,0,NA,0,0,0,0,0,0,0,0,0,0,0
"66838",696646408,0,0,0,0,0,0,NA,0,0,0,0,0,0,0,0,0,0,0
"66839",668407570,0,0,0,0,0,0,NA,0,0,0,0,0,0,0,0,0,0,0
"66840",381535436,0,0,0,0,0,0,NA,0,0,0,0,0,0,0,0,0,0,0
"66841",404924335,0,0,0,0,0,0,NA,0,0,0,0,0,0,0,0,0,0,0
"66842",486337600,0,0,0,0,0,0,NA,0,0,0,0,0,0,0,0,0,0,0
"66843",359764397,0,0,0,0,0,0,NA,0,0,0,0,0,0,0,0,0,0,0
"66844",336060947,0,0,0,0,0,0,NA,0,0,0,0,0,0,0,0,0,0,0
"66845",583149994,0,0,0,0,0,0,NA,0,0,0,0,0,0,0,0,0,0,0
"66846",512040917,0,0,0,0,0,0,NA,0,0,0,0,0,0,0,0,0,0,0
"66847",102664322,0,0,0,0,0,0,NA,0,0,0,0,0,0,0,0,0,0,0
"66848",951619870,0,0,0,0,0,0,NA,0,0,0,0,0,0,0,0,0,0,0
"66849",807792716,0,0,0,0,0,0,NA,0,0,0,0,0,0,0,0,0,0,0
"66850",76523331,0,0,0,0,0,0,NA,0,0,0,0,0,0,0,0,0,0,0
"66851",8864253,0,0,0,0,0,0,NA,0,0,0,0,0,0,0,0,0,0,0
"66852",347822418,0,0,0,0,0,0,NA,0,0,0,0,0,0,0,0,0,0,0
"66853",839957498,0,0,0,0,0,0,NA,0,0,0,0,0,0,0,0,0,0,0
"66854",290623675,0,0,0,0,0,0,NA,0,0,0,0,0,0,0,0,0,0,0
"66855",629858773,0,0,0,0,0,0,NA,0,0,0,0,0,0,0,0,0,0,0
"66856",919773109,0,0,0,0,0,0,NA,0,0,0,0,0,0,0,0,0,0,0
"66857",248131777,0,0,0,0,0,0,NA,0,0,0,0,0,0,0,0,0,0,1
"66858",473640830,0,0,0,0,0,0,NA,0,0,0,0,0,0,0,0,0,0,0
"66859",640509918,0,0,0,0,0,0,NA,0,0,0,0,0,0,0,0,0,0,0
"66860",816427688,0,0,0,0,0,0,NA,0,0,0,0,0,0,0,0,0,0,0
"66861",530727487,0,0,0,0,0,0,NA,0,0,0,0,0,0,0,0,0,0,0
"66862",169510907,0,0,0,0,0,0,NA,0,0,0,0,0,0,0,0,0,0,0
"66863",854994546,0,0,0,0,0,0,NA,0,0,0,0,0,0,0,0,0,0,0
"66864",481478892,0,0,0,0,0,0,NA,0,0,0,0,0,0,0,0,0,0,0
"66865",613643837,0,0,0,0,0,0,NA,0,0,0,0,0,0,0,0,0,0,0
"66866",165597000,0,0,0,0,0,0,NA,0,0,0,0,0,0,0,0,0,0,0
"66867",968674675,0,0,0,0,0,0,NA,0,0,0,0,0,0,0,0,0,0,0
"66868",546470712,0,0,0,0,0,0,NA,0,0,0,0,0,0,0,0,0,0,0
"66869",912392479,0,0,0,0,0,0,NA,0,0,0,0,0,0,0,0,0,0,0
"66870",696902175,0,0,0,0,0,0,NA,0,0,0,0,0,0,0,0,0,0,0
"66871",374606091,0,0,0,0,0,0,NA,0,0,0,0,0,0,0,0,0,0,1
"66872",802397763,0,0,0,0,0,0,NA,0,0,0,0,0,0,0,0,0,0,0
"66873",542997884,0,0,0,0,0,0,NA,0,0,0,0,0,0,0,0,0,0,0
"71146",302144302,0,1,2,1,2,4,NA,5,11,3,4,3,5,0,711524,12,0,NA
"71147",856792433,1,1,1,2,2,1,NA,1,4,1,2,3,5,0,490862,5,1,NA
"71148",270950740,1,1,2,1,2,3,NA,3,6,2,2,2,4,1,3017798,8,0,NA
"71149",578700236,2,2,3,4,4,4,NA,4,9,3,5,4,6,0,965731,11,0,NA
"71150",701035734,3,5,6,4,6,8,NA,2,6,1,3,2,5,0,522425,7,0,NA
"71151",877158342,2,3,4,3,4,5,NA,2,7,1,4,3,7,0,902895,8,1,NA
"71152",616790917,3,4,5,4,5,5,NA,2,8,1,5,4,6,0,881480,9,0,NA
"71153",785310610,1,2,3,3,3,5,NA,1,5,1,4,1,4,1,3307067,6,0,NA
"71154",525150342,1,2,2,2,2,2,NA,4,10,3,6,2,3,0,1035281,12,0,NA
"71155",196209206,2,3,4,3,4,5,NA,1,5,1,3,1,5,1,3125745,5,0,NA
"71156",309489202,0,0,0,1,1,2,NA,1,4,0,2,1,2,0,484021,6,0,NA
"71157",87595799,1,2,4,2,2,4,NA,5,10,4,5,1,2,0,947055,11,0,NA
"71161",155343725,2,4,4,3,5,5,NA,2,6,1,2,2,4,0,383220,8,0,NA
"71162",363427197,1,1,2,2,2,2,NA,5,12,4,6,2,4,0,1118706,14,0,NA
"71163",809932131,1,1,2,2,2,3,NA,2,5,2,3,2,5,0,654335,5,0,NA
"71164",889827531,0,1,2,0,2,2,NA,4,11,3,7,3,3,0,1334481,11,0,NA
"71165",459690768,2,3,3,3,4,3,NA,3,6,1,3,2,4,1,3169284,6,0,NA
"71166",93962291,1,3,5,3,4,6,NA,1,4,0,2,2,4,0,418851,5,0,NA
"71167",317047496,3,3,3,4,3,3,NA,4,10,3,5,2,4,1,3598390,11,0,NA
"71168",492168646,2,4,5,2,6,6,NA,4,11,3,6,2,3,1,3778006,11,0,NA
"71169",816998199,2,3,3,2,4,3,NA,2,6,2,3,3,4,0,532518,6,0,NA
"71170",759877775,2,4,5,3,5,5,NA,3,9,1,4,2,5,0,731819,11,0,NA
"71171",405206303,1,1,2,2,1,3,NA,1,6,1,4,1,3,0,723887,7,0,NA
"71172",47468265,2,3,4,3,5,4,NA,4,12,3,6,4,5,0,1055560,13,0,NA
"71173",29080405,2,2,3,3,4,4,NA,2,4,1,2,1,2,0,391957,5,0,NA
"71174",318162147,1,1,1,1,3,3,NA,2,6,1,3,3,5,0,583861,7,0,NA
"71175",632614517,0,1,2,2,1,3,NA,3,8,2,4,4,5,0,731424,9,0,NA
"71176",322177088,2,2,2,4,3,2,NA,0,4,0,3,1,2,0,558982,4,1,NA
"71177",904593998,1,3,5,2,3,6,NA,2,6,1,4,0,3,0,742561,6,0,NA
"71178",744133913,1,1,1,3,2,3,NA,3,9,2,5,2,3,0,955840,10,1,NA
"71241",717735702,2,3,3,3,4,4,NA,5,11,3,5,3,4,0,967098,10,0,NA
"71242",979080449,2,2,4,4,4,5,NA,2,4,1,2,4,7,0,399466,3,0,NA
"71243",815278690,1,2,2,1,3,2,NA,4,9,3,5,2,4,0,872693,8,0,NA
"71244",736895532,1,3,4,2,3,5,NA,4,8,2,3,2,4,0,595010,7,0,NA
"71245",272600287,3,5,6,5,5,7,NA,2,6,1,3,2,2,0,575798,5,0,NA
"71246",464076196,2,3,5,4,3,6,NA,2,6,2,4,2,4,0,835860,5,0,0
"71247",636875769,1,2,3,2,4,5,NA,3,10,2,6,2,4,0,1200248,10,0,0
"71248",66184138,1,2,3,2,4,4,NA,3,8,2,4,3,4,0,761710,8,0,0
"71249",599176422,1,2,2,1,2,3,NA,1,6,1,4,1,2,0,685237,6,0,0
"71258",902656261,1,1,1,3,2,2,NA,1,4,1,3,1,5,0,527914,3,0,0
"71259",570904162,0,1,2,1,2,3,NA,4,10,3,5,1,4,0,873624,9,0,0
"71260",576549454,2,4,6,4,4,7,NA,3,6,2,2,3,5,0,505139,5,0,0
"71261",966199487,0,2,2,1,3,2,NA,2,6,1,3,0,3,0,572594,6,0,0
"71262",609962840,2,4,5,4,5,5,NA,2,4,1,2,4,6,1,2982637,3,0,0
"71263",336897743,1,2,2,2,4,3,NA,3,9,2,5,3,4,0,892904,8,0,0
"71264",195201918,1,2,3,2,3,3,NA,5,13,3,6,3,4,0,1052776,12,0,0
"71265",35962430,1,2,3,1,2,3,NA,2,3,0,0,4,6,1,2583104,2,0,0
"71266",759032247,1,3,4,1,3,5,NA,4,9,3,5,3,6,0,868336,8,0,0
"71267",763052374,0,0,0,1,1,0,NA,4,10,2,5,3,5,0,917839,9,0,1
"71268",296620843,2,3,4,3,4,5,NA,5,12,3,6,1,3,1,3619286,11,0,1
"71269",187594949,1,3,4,2,4,6,NA,1,8,1,5,0,2,1,3434798,6,0,0
"71270",100108858,1,2,4,3,3,6,NA,1,5,1,2,1,4,0,516699,3,0,0
"71271",888243000,0,2,4,1,3,4,NA,3,9,2,5,3,5,0,862185,8,0,1
"71272",803398876,1,2,3,3,3,4,NA,1,6,1,4,2,3,0,739041,4,0,0
"71273",249854469,1,3,3,2,5,4,NA,4,10,3,5,4,5,0,904968,8,0,0
"71274",23680677,1,1,1,3,1,1,NA,4,13,3,7,3,4,0,1246538,11,0,0
"71275",467080924,0,1,2,1,1,3,NA,4,11,3,6,1,4,0,1036007,11,0,0
"71276",423151006,1,3,4,2,3,4,NA,2,6,1,3,3,3,1,3091549,6,0,0
"71277",532528020,3,3,5,5,4,5,NA,5,12,4,6,2,5,0,1027139,11,0,0
"71283",809525193,2,4,5,4,5,6,NA,2,7,2,3,2,5,0,545504,6,0,0
"71284",892747476,2,2,2,4,3,2,NA,4,9,3,4,2,5,0,704922,8,0,0
"71285",271521624,2,3,4,3,3,5,NA,5,13,4,7,3,5,0,1193774,12,0,1
"71286",314764912,2,4,4,3,5,6,NA,4,11,3,6,1,2,0,1087017,10,0,0
"71287",466026355,1,2,3,2,3,4,NA,2,8,2,5,2,3,1,3447244,8,0,0
"71288",839271446,2,4,5,2,6,5,NA,4,10,3,6,2,5,0,1019609,8,0,0
"71289",936409980,2,4,5,3,5,6,NA,0,2,0,1,2,4,0,198928,1,0,0
"71290",304125466,1,1,2,2,2,3,NA,0,3,0,2,1,5,0,396536,2,0,1
"71291",254036864,1,2,4,1,3,6,NA,3,9,3,5,4,6,0,1028144,8,0,0
"71292",375231276,0,1,2,0,1,2,NA,4,11,3,6,2,4,1,3564911,9,0,1
"71293",32481239,0,1,2,1,3,2,NA,1,8,1,5,2,4,1,3386883,7,0,0
